id,Side,Element,Cla_01,Cla_04,Cla_05,Cla_06,Cla_07,Cla_08,Cla_09,Sca_01,Sca_02,Sca_03,Sca_04,Sca_05,Hum_01,Hum_02,Hum_03,Hum_04,Hum_05,Hum_06,Hum_07,Hum_08,Hum_09,Rad_01,Rad_02,Rad_03,Rad_04,Rad_05,Rad_06,Rad_07,Rad_08,Rad_09,Rad_10,Uln_01,Uln_02,Uln_03,Uln_04,Uln_05,Uln_06,Uln_07,Uln_08,Uln_09,Uln_10,Uln_11,Osc_01,Osc_02,Osc_03,Osc_04,Osc_05,Osc_06,Osc_07,Osc_08,Osc_09,Osc_10,Osc_11,Osc_12,Osc_13,Osc_14,Osc_15,Osc_16,Osc_17,Fem_01,Fem_02,Fem_03,Fem_04,Fem_05,Fem_06,Fem_07,Fem_08,Fem_09,Fem_10,Fem_11,Fem_12,Fem_13,Fem_14,Fem_15,Fem_16,Fem_17,Fem_18,Fem_19,Tib_01,Tib_02,Tib_03,Tib_04,Tib_05,Tib_06,Tib_07,Tib_08,Tib_09,Tib_10,Tib_11,Tib_12,Tib_13,Tib_14,Tib_15,Tib_16,Fib_01,Fib_02,Fib_03,Fib_04,Fib_05
a,left,Humerus,,,,,,,,,,,,,297.5,54.5,41,16.7,14.7,47.4,43.8,18,24.6,,,,,,,,,,,,,,,,,,,,,,,,,,,,,,,,,,,,,,,,,,,,,,,,,,,,,,,,,,,,,,,,,,,,,,,,,,,,,,
b,left,Humerus,,,,,,,,,,,,,299,51,41.5,19.7,16.3,41.5,42.6,17.1,21.5,,,,,,,,,,,,,,,,,,,,,,,,,,,,,,,,,,,,,,,,,,,,,,,,,,,,,,,,,,,,,,,,,,,,,,,,,,,,,,
c,left,Humerus,,,,,,,,,,,,,302,63,43.7,22.2,16.5,46.3,45.5,17.6,24.1,,,,,,,,,,,,,,,,,,,,,,,,,,,,,,,,,,,,,,,,,,,,,,,,,,,,,,,,,,,,,,,,,,,,,,,,,,,,,,
d,left,Humerus,,,,,,,,,,,,,333,,52,23,19,45.5,44.5,17.1,23.2,,,,,,,,,,,,,,,,,,,,,,,,,,,,,,,,,,,,,,,,,,,,,,,,,,,,,,,,,,,,,,,,,,,,,,,,,,,,,,
e,left,Humerus,,,,,,,,,,,,,307,,45,28,20,44,45.7,19.5,26.7,,,,,,,,,,,,,,,,,,,,,,,,,,,,,,,,,,,,,,,,,,,,,,,,,,,,,,,,,,,,,,,,,,,,,,,,,,,,,,
f,left,Humerus,,,,,,,,,,,,,311,,48,23,19,49.5,45.6,19.3,26.3,,,,,,,,,,,,,,,,,,,,,,,,,,,,,,,,,,,,,,,,,,,,,,,,,,,,,,,,,,,,,,,,,,,,,,,,,,,,,,
g,left,Humerus,,,,,,,,,,,,,300,,40,20,17,45.2,45.4,,30.3,,,,,,,,,,,,,,,,,,,,,,,,,,,,,,,,,,,,,,,,,,,,,,,,,,,,,,,,,,,,,,,,,,,,,,,,,,,,,,
h,left,Humerus,,,,,,,,,,,,,304,,43,22,,48.2,,,25.7,,,,,,,,,,,,,,,,,,,,,,,,,,,,,,,,,,,,,,,,,,,,,,,,,,,,,,,,,,,,,,,,,,,,,,,,,,,,,,
I,left,Humerus,,,,,,,,,,,,,328,,47,24,,51.3,,,25.9,,,,,,,,,,,,,,,,,,,,,,,,,,,,,,,,,,,,,,,,,,,,,,,,,,,,,,,,,,,,,,,,,,,,,,,,,,,,,,
j,left,Humerus,,,,,,,,,,,,,362,,49,24,,45.9,,,31.1,,,,,,,,,,,,,,,,,,,,,,,,,,,,,,,,,,,,,,,,,,,,,,,,,,,,,,,,,,,,,,,,,,,,,,,,,,,,,,
k,left,Humerus,,,,,,,,,,,,,309,,45,22,,46.3,,,27.1,,,,,,,,,,,,,,,,,,,,,,,,,,,,,,,,,,,,,,,,,,,,,,,,,,,,,,,,,,,,,,,,,,,,,,,,,,,,,,
l,left,Humerus,,,,,,,,,,,,,327,,45,22,19,47.9,,21.2,27.5,,,,,,,,,,,,,,,,,,,,,,,,,,,,,,,,,,,,,,,,,,,,,,,,,,,,,,,,,,,,,,,,,,,,,,,,,,,,,,
m,left,Humerus,,,,,,,,,,,,,333,,49,24,20,52.1,47.7,21.2,30,,,,,,,,,,,,,,,,,,,,,,,,,,,,,,,,,,,,,,,,,,,,,,,,,,,,,,,,,,,,,,,,,,,,,,,,,,,,,,
n,left,Humerus,,,,,,,,,,,,,352,,46,23,17,43,44.8,20,23.1,,,,,,,,,,,,,,,,,,,,,,,,,,,,,,,,,,,,,,,,,,,,,,,,,,,,,,,,,,,,,,,,,,,,,,,,,,,,,,
o,left,Humerus,,,,,,,,,,,,,343,,48,24,19,45.1,43.3,18.1,23.6,,,,,,,,,,,,,,,,,,,,,,,,,,,,,,,,,,,,,,,,,,,,,,,,,,,,,,,,,,,,,,,,,,,,,,,,,,,,,,
p,left,Humerus,,,,,,,,,,,,,324,,46,24,20,42.8,42.5,18.6,23.9,,,,,,,,,,,,,,,,,,,,,,,,,,,,,,,,,,,,,,,,,,,,,,,,,,,,,,,,,,,,,,,,,,,,,,,,,,,,,,
q,left,Humerus,,,,,,,,,,,,,303,,44,21,16,47.4,45.8,18.8,24.2,,,,,,,,,,,,,,,,,,,,,,,,,,,,,,,,,,,,,,,,,,,,,,,,,,,,,,,,,,,,,,,,,,,,,,,,,,,,,,
r,left,Humerus,,,,,,,,,,,,,306,63,45,23,20,43.9,42.7,16.9,21.5,,,,,,,,,,,,,,,,,,,,,,,,,,,,,,,,,,,,,,,,,,,,,,,,,,,,,,,,,,,,,,,,,,,,,,,,,,,,,,
s,left,Humerus,,,,,,,,,,,,,335,66,52,23,18,47.2,45.1,20.4,26.8,,,,,,,,,,,,,,,,,,,,,,,,,,,,,,,,,,,,,,,,,,,,,,,,,,,,,,,,,,,,,,,,,,,,,,,,,,,,,,
t,left,Humerus,,,,,,,,,,,,,341,63,52,23,16,45.8,44.6,18.6,25.1,,,,,,,,,,,,,,,,,,,,,,,,,,,,,,,,,,,,,,,,,,,,,,,,,,,,,,,,,,,,,,,,,,,,,,,,,,,,,,
u,right,Humerus,,,,,,,,,,,,,300.5,55,40.4,17.1,15,47.1,43.4,18.1,24.3,,,,,,,,,,,,,,,,,,,,,,,,,,,,,,,,,,,,,,,,,,,,,,,,,,,,,,,,,,,,,,,,,,,,,,,,,,,,,,
v,right,Humerus,,,,,,,,,,,,,300,51,42.7,20.1,16.1,42.4,41,18,23.8,,,,,,,,,,,,,,,,,,,,,,,,,,,,,,,,,,,,,,,,,,,,,,,,,,,,,,,,,,,,,,,,,,,,,,,,,,,,,,
w,right,Humerus,,,,,,,,,,,,,306,63,42.6,22.1,16,48.2,45.2,17.7,25.1,,,,,,,,,,,,,,,,,,,,,,,,,,,,,,,,,,,,,,,,,,,,,,,,,,,,,,,,,,,,,,,,,,,,,,,,,,,,,,
x,right,Humerus,,,,,,,,,,,,,338,61,52,24,20,44.4,44.5,17.4,22.5,,,,,,,,,,,,,,,,,,,,,,,,,,,,,,,,,,,,,,,,,,,,,,,,,,,,,,,,,,,,,,,,,,,,,,,,,,,,,,
25,right,Humerus,,,,,,,,,,,,,317,60,49,24,18,46.2,43.9,19.3,23.9,,,,,,,,,,,,,,,,,,,,,,,,,,,,,,,,,,,,,,,,,,,,,,,,,,,,,,,,,,,,,,,,,,,,,,,,,,,,,,
26,right,Humerus,,,,,,,,,,,,,305,63,49,24,20,46.3,45,19.2,26.3,,,,,,,,,,,,,,,,,,,,,,,,,,,,,,,,,,,,,,,,,,,,,,,,,,,,,,,,,,,,,,,,,,,,,,,,,,,,,,
27,right,Humerus,,,,,,,,,,,,,302,57,39,21,16,,44.5,18,27.9,,,,,,,,,,,,,,,,,,,,,,,,,,,,,,,,,,,,,,,,,,,,,,,,,,,,,,,,,,,,,,,,,,,,,,,,,,,,,,
28,right,Humerus,,,,,,,,,,,,,304,60,43,,16,,43.5,18.8,26.2,,,,,,,,,,,,,,,,,,,,,,,,,,,,,,,,,,,,,,,,,,,,,,,,,,,,,,,,,,,,,,,,,,,,,,,,,,,,,,
29,right,Humerus,,,,,,,,,,,,,330,62,47,,20,,46.9,19.8,26.2,,,,,,,,,,,,,,,,,,,,,,,,,,,,,,,,,,,,,,,,,,,,,,,,,,,,,,,,,,,,,,,,,,,,,,,,,,,,,,
30,right,Humerus,,,,,,,,,,,,,371,64,51,,19,,43.1,21.2,32.7,,,,,,,,,,,,,,,,,,,,,,,,,,,,,,,,,,,,,,,,,,,,,,,,,,,,,,,,,,,,,,,,,,,,,,,,,,,,,,
31,right,Humerus,,,,,,,,,,,,,310,66,46,23,19,,44.4,19.5,27.7,,,,,,,,,,,,,,,,,,,,,,,,,,,,,,,,,,,,,,,,,,,,,,,,,,,,,,,,,,,,,,,,,,,,,,,,,,,,,,
32,right,Humerus,,,,,,,,,,,,,,65,44,20,22,47.8,48.2,22,28.8,,,,,,,,,,,,,,,,,,,,,,,,,,,,,,,,,,,,,,,,,,,,,,,,,,,,,,,,,,,,,,,,,,,,,,,,,,,,,,
33,right,Humerus,,,,,,,,,,,,,,68,51,25,21,49.5,46.7,20.7,28.5,,,,,,,,,,,,,,,,,,,,,,,,,,,,,,,,,,,,,,,,,,,,,,,,,,,,,,,,,,,,,,,,,,,,,,,,,,,,,,
34,right,Humerus,,,,,,,,,,,,,355,60,45,27,20,42.6,43.9,19.3,22,,,,,,,,,,,,,,,,,,,,,,,,,,,,,,,,,,,,,,,,,,,,,,,,,,,,,,,,,,,,,,,,,,,,,,,,,,,,,,
35,right,Humerus,,,,,,,,,,,,,341,65,48,26,21,45.7,45.2,19.1,24.3,,,,,,,,,,,,,,,,,,,,,,,,,,,,,,,,,,,,,,,,,,,,,,,,,,,,,,,,,,,,,,,,,,,,,,,,,,,,,,
36,right,Humerus,,,,,,,,,,,,,322,61,45,23,20,42.8,42.6,18.6,23.4,,,,,,,,,,,,,,,,,,,,,,,,,,,,,,,,,,,,,,,,,,,,,,,,,,,,,,,,,,,,,,,,,,,,,,,,,,,,,,
37,right,Humerus,,,,,,,,,,,,,302,58,43,21,16,46.5,45.8,18.6,26,,,,,,,,,,,,,,,,,,,,,,,,,,,,,,,,,,,,,,,,,,,,,,,,,,,,,,,,,,,,,,,,,,,,,,,,,,,,,,
38,right,Humerus,,,,,,,,,,,,,301,61,47,24,22,44.5,42.6,18.1,21.9,,,,,,,,,,,,,,,,,,,,,,,,,,,,,,,,,,,,,,,,,,,,,,,,,,,,,,,,,,,,,,,,,,,,,,,,,,,,,,
39,right,Humerus,,,,,,,,,,,,,328,,53,24,20,47.8,46.5,21,26,,,,,,,,,,,,,,,,,,,,,,,,,,,,,,,,,,,,,,,,,,,,,,,,,,,,,,,,,,,,,,,,,,,,,,,,,,,,,,
40,right,Humerus,,,,,,,,,,,,,342,,53,24,16,48.5,45.1,19.8,25.3,,,,,,,,,,,,,,,,,,,,,,,,,,,,,,,,,,,,,,,,,,,,,,,,,,,,,,,,,,,,,,,,,,,,,,,,,,,,,,
41,right,Humerus,,,,,,,,,,,,,220,66,53,24,16,48.5,45.1,19.8,25.3,,,,,,,,,,,,,,,,,,,,,,,,,,,,,,,,,,,,,,,,,,,,,,,,,,,,,,,,,,,,,,,,,,,,,,,,,,,,,,
42,right,Humerus,,,,,,,,,,,,,400,66,53,24,16,48.5,45.1,19.8,25.3,,,,,,,,,,,,,,,,,,,,,,,,,,,,,,,,,,,,,,,,,,,,,,,,,,,,,,,,,,,,,,,,,,,,,,,,,,,,,,
43,right,Humerus,,,,,,,,,,,,,380,66,53,24,16,48.5,45.1,19.8,25.3,,,,,,,,,,,,,,,,,,,,,,,,,,,,,,,,,,,,,,,,,,,,,,,,,,,,,,,,,,,,,,,,,,,,,,,,,,,,,,
44,left,Radius,,,,,,,,,,,,,,,,,,,,,,314,,,19.4,15.9,19.1,15.9,14.7,8.6,29.2,,,,,,,,,,,,,,,,,,,,,,,,,,,,,,,,,,,,,,,,,,,,,,,,,,,,,,,,,,,,,,,,,,,,
45,left,Radius,,,,,,,,,,,,,,,,,,,,,,215,,,21,10.4,13.4,16.7,16.5,10.6,28.3,,,,,,,,,,,,,,,,,,,,,,,,,,,,,,,,,,,,,,,,,,,,,,,,,,,,,,,,,,,,,,,,,,,,
46,left,Radius,,,,,,,,,,,,,,,,,,,,,,205,,,21.7,11.1,14.8,19,17.7,10.1,32,,,,,,,,,,,,,,,,,,,,,,,,,,,,,,,,,,,,,,,,,,,,,,,,,,,,,,,,,,,,,,,,,,,,
47,left,Radius,,,,,,,,,,,,,,,,,,,,,,224,,,27,11.3,17.2,20.3,18.7,12.3,38.2,,,,,,,,,,,,,,,,,,,,,,,,,,,,,,,,,,,,,,,,,,,,,,,,,,,,,,,,,,,,,,,,,,,,
48,left,Radius,,,,,,,,,,,,,,,,,,,,,,255,,,22,12,16,18.6,18,11.8,35.6,,,,,,,,,,,,,,,,,,,,,,,,,,,,,,,,,,,,,,,,,,,,,,,,,,,,,,,,,,,,,,,,,,,,
49,left,Radius,,,,,,,,,,,,,,,,,,,,,,256,,,22.2,13,17,18.2,15.9,10.3,30.1,,,,,,,,,,,,,,,,,,,,,,,,,,,,,,,,,,,,,,,,,,,,,,,,,,,,,,,,,,,,,,,,,,,,
50,left,Radius,,,,,,,,,,,,,,,,,,,,,,232,,,24.1,13,18,19,19.7,11.9,34.4,,,,,,,,,,,,,,,,,,,,,,,,,,,,,,,,,,,,,,,,,,,,,,,,,,,,,,,,,,,,,,,,,,,,
51,left,Radius,,,,,,,,,,,,,,,,,,,,,,226,,,24.6,10,14,21,18.4,11.3,37.4,,,,,,,,,,,,,,,,,,,,,,,,,,,,,,,,,,,,,,,,,,,,,,,,,,,,,,,,,,,,,,,,,,,,
52,left,Radius,,,,,,,,,,,,,,,,,,,,,,234,,,22.9,11,15,18.8,16.7,10.2,35.5,,,,,,,,,,,,,,,,,,,,,,,,,,,,,,,,,,,,,,,,,,,,,,,,,,,,,,,,,,,,,,,,,,,,
53,left,Radius,,,,,,,,,,,,,,,,,,,,,,253,,,25.1,13,18,17.5,17.6,11,36.4,,,,,,,,,,,,,,,,,,,,,,,,,,,,,,,,,,,,,,,,,,,,,,,,,,,,,,,,,,,,,,,,,,,,
54,left,Radius,,,,,,,,,,,,,,,,,,,,,,269,,,23.4,14,16,19.3,18.9,12.3,37.2,,,,,,,,,,,,,,,,,,,,,,,,,,,,,,,,,,,,,,,,,,,,,,,,,,,,,,,,,,,,,,,,,,,,
55,left,Radius,,,,,,,,,,,,,,,,,,,,,,247,,,25.2,13,18,20.3,21.4,12.3,34.7,,,,,,,,,,,,,,,,,,,,,,,,,,,,,,,,,,,,,,,,,,,,,,,,,,,,,,,,,,,,,,,,,,,,
56,left,Radius,,,,,,,,,,,,,,,,,,,,,,253,,,25.2,13,17,20.9,20.8,11.6,35.4,,,,,,,,,,,,,,,,,,,,,,,,,,,,,,,,,,,,,,,,,,,,,,,,,,,,,,,,,,,,,,,,,,,,
57,left,Radius,,,,,,,,,,,,,,,,,,,,,,253,,,23.8,13,18,21.2,20.6,12.2,34.2,,,,,,,,,,,,,,,,,,,,,,,,,,,,,,,,,,,,,,,,,,,,,,,,,,,,,,,,,,,,,,,,,,,,
58,left,Radius,,,,,,,,,,,,,,,,,,,,,,241,,,25.8,13,17,18.2,18.6,12.6,36.8,,,,,,,,,,,,,,,,,,,,,,,,,,,,,,,,,,,,,,,,,,,,,,,,,,,,,,,,,,,,,,,,,,,,
59,left,Radius,,,,,,,,,,,,,,,,,,,,,,235,,,24,11,8,21.4,18.9,12.7,36,,,,,,,,,,,,,,,,,,,,,,,,,,,,,,,,,,,,,,,,,,,,,,,,,,,,,,,,,,,,,,,,,,,,
60,left,Radius,,,,,,,,,,,,,,,,,,,,,,229,,,27.9,14,17,22.5,19.2,12.6,38.7,,,,,,,,,,,,,,,,,,,,,,,,,,,,,,,,,,,,,,,,,,,,,,,,,,,,,,,,,,,,,,,,,,,,
61,left,Radius,,,,,,,,,,,,,,,,,,,,,,248,,,23.2,14,17,17,16.8,10.2,32.9,,,,,,,,,,,,,,,,,,,,,,,,,,,,,,,,,,,,,,,,,,,,,,,,,,,,,,,,,,,,,,,,,,,,
62,left,Radius,,,,,,,,,,,,,,,,,,,,,,253,,,23.5,12,17,18.7,16.5,11.3,34.9,,,,,,,,,,,,,,,,,,,,,,,,,,,,,,,,,,,,,,,,,,,,,,,,,,,,,,,,,,,,,,,,,,,,
63,left,Radius,,,,,,,,,,,,,,,,,,,,,,230,,,22.9,9,14,16.9,18.4,9.9,33.1,,,,,,,,,,,,,,,,,,,,,,,,,,,,,,,,,,,,,,,,,,,,,,,,,,,,,,,,,,,,,,,,,,,,
64,Right,Radius,,,,,,,,,,,,,,,,,,,,,,313,,,19.6,15.1,19.3,15.7,14.3,9.1,28.5,,,,,,,,,,,,,,,,,,,,,,,,,,,,,,,,,,,,,,,,,,,,,,,,,,,,,,,,,,,,,,,,,,,,
65,Right,Radius,,,,,,,,,,,,,,,,,,,,,,217,,,21.4,9.7,13.4,16.8,17.3,10.9,29.1,,,,,,,,,,,,,,,,,,,,,,,,,,,,,,,,,,,,,,,,,,,,,,,,,,,,,,,,,,,,,,,,,,,,
66,Right,Radius,,,,,,,,,,,,,,,,,,,,,,208.5,,,21.6,11.7,15.4,19.1,18.2,9.6,32.6,,,,,,,,,,,,,,,,,,,,,,,,,,,,,,,,,,,,,,,,,,,,,,,,,,,,,,,,,,,,,,,,,,,,
67,Right,Radius,,,,,,,,,,,,,,,,,,,,,,226,,,27.1,11,16.9,19.9,19.7,13,38.8,,,,,,,,,,,,,,,,,,,,,,,,,,,,,,,,,,,,,,,,,,,,,,,,,,,,,,,,,,,,,,,,,,,,
68,Right,Radius,,,,,,,,,,,,,,,,,,,,,,258,,,23.9,13,16,17.8,20,11.8,34.5,,,,,,,,,,,,,,,,,,,,,,,,,,,,,,,,,,,,,,,,,,,,,,,,,,,,,,,,,,,,,,,,,,,,
69,Right,Radius,,,,,,,,,,,,,,,,,,,,,,251,,,22.7,14,18,18.1,15.9,10.4,32.2,,,,,,,,,,,,,,,,,,,,,,,,,,,,,,,,,,,,,,,,,,,,,,,,,,,,,,,,,,,,,,,,,,,,
70,Right,Radius,,,,,,,,,,,,,,,,,,,,,,233,,,25.5,12,18,19.3,20.1,12.1,33.9,,,,,,,,,,,,,,,,,,,,,,,,,,,,,,,,,,,,,,,,,,,,,,,,,,,,,,,,,,,,,,,,,,,,
71,Right,Radius,,,,,,,,,,,,,,,,,,,,,,228,,,24.8,11,15,21,18.4,10.6,37.4,,,,,,,,,,,,,,,,,,,,,,,,,,,,,,,,,,,,,,,,,,,,,,,,,,,,,,,,,,,,,,,,,,,,
72,Right,Radius,,,,,,,,,,,,,,,,,,,,,,232,,,23,11,16,19.1,17.4,10.4,35.3,,,,,,,,,,,,,,,,,,,,,,,,,,,,,,,,,,,,,,,,,,,,,,,,,,,,,,,,,,,,,,,,,,,,
73,Right,Radius,,,,,,,,,,,,,,,,,,,,,,252,,,24.9,13,18,18.5,18.5,11.9,38.3,,,,,,,,,,,,,,,,,,,,,,,,,,,,,,,,,,,,,,,,,,,,,,,,,,,,,,,,,,,,,,,,,,,,
74,Right,Radius,,,,,,,,,,,,,,,,,,,,,,271,,,22.4,14,16,18.6,19,12.8,36.8,,,,,,,,,,,,,,,,,,,,,,,,,,,,,,,,,,,,,,,,,,,,,,,,,,,,,,,,,,,,,,,,,,,,
75,Right,Radius,,,,,,,,,,,,,,,,,,,,,,240,,,24.9,13,19,19.8,22.1,11.7,34.7,,,,,,,,,,,,,,,,,,,,,,,,,,,,,,,,,,,,,,,,,,,,,,,,,,,,,,,,,,,,,,,,,,,,
76,Right,Radius,,,,,,,,,,,,,,,,,,,,,,255,,,24.6,13,17,21,20.3,11.5,36.5,,,,,,,,,,,,,,,,,,,,,,,,,,,,,,,,,,,,,,,,,,,,,,,,,,,,,,,,,,,,,,,,,,,,
77,Right,Radius,,,,,,,,,,,,,,,,,,,,,,254,,,24.3,14,17,22.1,20.4,12.6,34.9,,,,,,,,,,,,,,,,,,,,,,,,,,,,,,,,,,,,,,,,,,,,,,,,,,,,,,,,,,,,,,,,,,,,
78,Right,Radius,,,,,,,,,,,,,,,,,,,,,,257,,,25.4,13,17,18.9,18.7,12.8,36.4,,,,,,,,,,,,,,,,,,,,,,,,,,,,,,,,,,,,,,,,,,,,,,,,,,,,,,,,,,,,,,,,,,,,
79,Right,Radius,,,,,,,,,,,,,,,,,,,,,,233,,,24.7,11,9,20.7,18.1,12.3,35.9,,,,,,,,,,,,,,,,,,,,,,,,,,,,,,,,,,,,,,,,,,,,,,,,,,,,,,,,,,,,,,,,,,,,
80,Right,Radius,,,,,,,,,,,,,,,,,,,,,,231,,,27.1,14,18,21.2,18.9,12.5,39.6,,,,,,,,,,,,,,,,,,,,,,,,,,,,,,,,,,,,,,,,,,,,,,,,,,,,,,,,,,,,,,,,,,,,
81,Right,Radius,,,,,,,,,,,,,,,,,,,,,,249,,,23.4,13,16,17.8,17,10.2,33.2,,,,,,,,,,,,,,,,,,,,,,,,,,,,,,,,,,,,,,,,,,,,,,,,,,,,,,,,,,,,,,,,,,,,
82,Right,Radius,,,,,,,,,,,,,,,,,,,,,,255,,,23.3,13,18,19.6,17.9,11.8,35.5,,,,,,,,,,,,,,,,,,,,,,,,,,,,,,,,,,,,,,,,,,,,,,,,,,,,,,,,,,,,,,,,,,,,
83,Right,Radius,,,,,,,,,,,,,,,,,,,,,,231,,,22,10,14,16.8,17.6,10,33.1,,,,,,,,,,,,,,,,,,,,,,,,,,,,,,,,,,,,,,,,,,,,,,,,,,,,,,,,,,,,,,,,,,,,
84,Right,Radius,,,,,,,,,,,,,,,,,,,,,,200,,,23.4,13,16,17.8,17,10.2,33.2,,,,,,,,,,,,,,,,,,,,,,,,,,,,,,,,,,,,,,,,,,,,,,,,,,,,,,,,,,,,,,,,,,,,
85,Right,Radius,,,,,,,,,,,,,,,,,,,,,,340,,,23.3,13,18,19.6,17.9,11.8,35.5,,,,,,,,,,,,,,,,,,,,,,,,,,,,,,,,,,,,,,,,,,,,,,,,,,,,,,,,,,,,,,,,,,,,
86,Right,Radius,,,,,,,,,,,,,,,,,,,,,,350,,,22,10,14,16.8,17.6,10,33.1,,,,,,,,,,,,,,,,,,,,,,,,,,,,,,,,,,,,,,,,,,,,,,,,,,,,,,,,,,,,,,,,,,,,
87,Left,Ulna,,,,,,,,,,,,,,,,,,,,,,,,,,,,,,,,332.5,,,15.5,20.8,287.5,,,13.9,12.1,28.7,,,,,,,,,,,,,,,,,,,,,,,,,,,,,,,,,,,,,,,,,,,,,,,,,,,,,,,,,
88,Left,Ulna,,,,,,,,,,,,,,,,,,,,,,,,,,,,,,,,225,,,10.4,13.6,197,,,8.6,8,22.2,,,,,,,,,,,,,,,,,,,,,,,,,,,,,,,,,,,,,,,,,,,,,,,,,,,,,,,,,
89,Left,Ulna,,,,,,,,,,,,,,,,,,,,,,,,,,,,,,,,213,,,12.7,16.6,188,,,10,9.7,20.3,,,,,,,,,,,,,,,,,,,,,,,,,,,,,,,,,,,,,,,,,,,,,,,,,,,,,,,,,
90,Left,Ulna,,,,,,,,,,,,,,,,,,,,,,,,,,,,,,,,276,,,13,17,239,,,9.3,9.4,23,,,,,,,,,,,,,,,,,,,,,,,,,,,,,,,,,,,,,,,,,,,,,,,,,,,,,,,,,
91,Left,Ulna,,,,,,,,,,,,,,,,,,,,,,,,,,,,,,,,261,,,12,17,228,,,12.6,10.3,26.8,,,,,,,,,,,,,,,,,,,,,,,,,,,,,,,,,,,,,,,,,,,,,,,,,,,,,,,,,
92,Left,Ulna,,,,,,,,,,,,,,,,,,,,,,,,,,,,,,,,247,,,15,17,216,,,12,10.8,25.9,,,,,,,,,,,,,,,,,,,,,,,,,,,,,,,,,,,,,,,,,,,,,,,,,,,,,,,,,
93,Left,Ulna,,,,,,,,,,,,,,,,,,,,,,,,,,,,,,,,245,,,12,15,216,,,12.1,10.9,23,,,,,,,,,,,,,,,,,,,,,,,,,,,,,,,,,,,,,,,,,,,,,,,,,,,,,,,,,
94,Left,Ulna,,,,,,,,,,,,,,,,,,,,,,,,,,,,,,,,245,,,12,14,227,,,11.6,10.3,23.8,,,,,,,,,,,,,,,,,,,,,,,,,,,,,,,,,,,,,,,,,,,,,,,,,,,,,,,,,
95,Left,Ulna,,,,,,,,,,,,,,,,,,,,,,,,,,,,,,,,272,,,14,20,241,,,13,10.9,28.6,,,,,,,,,,,,,,,,,,,,,,,,,,,,,,,,,,,,,,,,,,,,,,,,,,,,,,,,,
96,Left,Ulna,,,,,,,,,,,,,,,,,,,,,,,,,,,,,,,,265,,,14,18,240,,,13,10.8,24.1,,,,,,,,,,,,,,,,,,,,,,,,,,,,,,,,,,,,,,,,,,,,,,,,,,,,,,,,,
97,Left,Ulna,,,,,,,,,,,,,,,,,,,,,,,,,,,,,,,,269,,,13,18,240,,,11.5,10.4,25.5,,,,,,,,,,,,,,,,,,,,,,,,,,,,,,,,,,,,,,,,,,,,,,,,,,,,,,,,,
98,Left,Ulna,,,,,,,,,,,,,,,,,,,,,,,,,,,,,,,,268,,,15,19,236,,,12.2,11,25.5,,,,,,,,,,,,,,,,,,,,,,,,,,,,,,,,,,,,,,,,,,,,,,,,,,,,,,,,,
99,Left,Ulna,,,,,,,,,,,,,,,,,,,,,,,,,,,,,,,,272,,,14,18,245,,,11.4,10.3,24.1,,,,,,,,,,,,,,,,,,,,,,,,,,,,,,,,,,,,,,,,,,,,,,,,,,,,,,,,,
100,Left,Ulna,,,,,,,,,,,,,,,,,,,,,,,,,,,,,,,,256,,,13,15,226,,,13.8,12.5,26,,,,,,,,,,,,,,,,,,,,,,,,,,,,,,,,,,,,,,,,,,,,,,,,,,,,,,,,,
101,Left,Ulna,,,,,,,,,,,,,,,,,,,,,,,,,,,,,,,,247,,,14,17,217,,,13.9,13,28,,,,,,,,,,,,,,,,,,,,,,,,,,,,,,,,,,,,,,,,,,,,,,,,,,,,,,,,,
102,Left,Ulna,,,,,,,,,,,,,,,,,,,,,,,,,,,,,,,,264,,,14,17,233,,,12.5,11,26.9,,,,,,,,,,,,,,,,,,,,,,,,,,,,,,,,,,,,,,,,,,,,,,,,,,,,,,,,,
103,Left,Ulna,,,,,,,,,,,,,,,,,,,,,,,,,,,,,,,,265,,,12,17,238,,,11.7,11.7,24.9,,,,,,,,,,,,,,,,,,,,,,,,,,,,,,,,,,,,,,,,,,,,,,,,,,,,,,,,,
104,Left,Ulna,,,,,,,,,,,,,,,,,,,,,,,,,,,,,,,,252,,,10,16,227,,,12,11.5,26.9,,,,,,,,,,,,,,,,,,,,,,,,,,,,,,,,,,,,,,,,,,,,,,,,,,,,,,,,,
105,Left,Ulna,,,,,,,,,,,,,,,,,,,,,,,,,,,,,,,,235,,,11,14,211,,,10.5,10.2,22.9,,,,,,,,,,,,,,,,,,,,,,,,,,,,,,,,,,,,,,,,,,,,,,,,,,,,,,,,,
106,Left,Ulna,,,,,,,,,,,,,,,,,,,,,,,,,,,,,,,,231,,,11,12,207,,,11.5,10.4,24.1,,,,,,,,,,,,,,,,,,,,,,,,,,,,,,,,,,,,,,,,,,,,,,,,,,,,,,,,,
107,Right,Ulna,,,,,,,,,,,,,,,,,,,,,,,,,,,,,,,,330,,,15.3,19.8,288,,,13.7,11.6,29.5,,,,,,,,,,,,,,,,,,,,,,,,,,,,,,,,,,,,,,,,,,,,,,,,,,,,,,,,,
108,Right,Ulna,,,,,,,,,,,,,,,,,,,,,,,,,,,,,,,,230,,,10.4,13.5,201,,,9.2,7.9,22.2,,,,,,,,,,,,,,,,,,,,,,,,,,,,,,,,,,,,,,,,,,,,,,,,,,,,,,,,,
109,Right,Ulna,,,,,,,,,,,,,,,,,,,,,,,,,,,,,,,,215.5,,,11.6,16.7,192,,,10.2,9.2,20.8,,,,,,,,,,,,,,,,,,,,,,,,,,,,,,,,,,,,,,,,,,,,,,,,,,,,,,,,,
110,Right,Ulna,,,,,,,,,,,,,,,,,,,,,,,,,,,,,,,,277,,,13,16,240,,,9.3,9.7,22.9,,,,,,,,,,,,,,,,,,,,,,,,,,,,,,,,,,,,,,,,,,,,,,,,,,,,,,,,,
111,Right,Ulna,,,,,,,,,,,,,,,,,,,,,,,,,,,,,,,,265,,,12,16,225,,,12.4,10.1,28.7,,,,,,,,,,,,,,,,,,,,,,,,,,,,,,,,,,,,,,,,,,,,,,,,,,,,,,,,,
112,Right,Ulna,,,,,,,,,,,,,,,,,,,,,,,,,,,,,,,,250,,,16,17,217,,,11.8,11.1,25,,,,,,,,,,,,,,,,,,,,,,,,,,,,,,,,,,,,,,,,,,,,,,,,,,,,,,,,,
113,Right,Ulna,,,,,,,,,,,,,,,,,,,,,,,,,,,,,,,,249,,,12,17,218,,,12,10.9,24,,,,,,,,,,,,,,,,,,,,,,,,,,,,,,,,,,,,,,,,,,,,,,,,,,,,,,,,,
114,Right,Ulna,,,,,,,,,,,,,,,,,,,,,,,,,,,,,,,,247,,,12,16,225,,,11.4,10.5,25.4,,,,,,,,,,,,,,,,,,,,,,,,,,,,,,,,,,,,,,,,,,,,,,,,,,,,,,,,,
115,Right,Ulna,,,,,,,,,,,,,,,,,,,,,,,,,,,,,,,,274,,,21,15,239,,,11.9,10.7,25.6,,,,,,,,,,,,,,,,,,,,,,,,,,,,,,,,,,,,,,,,,,,,,,,,,,,,,,,,,
116,Right,Ulna,,,,,,,,,,,,,,,,,,,,,,,,,,,,,,,,264,,,18,16,234,,,12.5,11.7,25.1,,,,,,,,,,,,,,,,,,,,,,,,,,,,,,,,,,,,,,,,,,,,,,,,,,,,,,,,,
117,Right,Ulna,,,,,,,,,,,,,,,,,,,,,,,,,,,,,,,,273,,,18,13,242,,,11.8,10.8,24.5,,,,,,,,,,,,,,,,,,,,,,,,,,,,,,,,,,,,,,,,,,,,,,,,,,,,,,,,,
118,Right,Ulna,,,,,,,,,,,,,,,,,,,,,,,,,,,,,,,,269,,,15,19,236,,,13,10.8,26,,,,,,,,,,,,,,,,,,,,,,,,,,,,,,,,,,,,,,,,,,,,,,,,,,,,,,,,,
119,Right,Ulna,,,,,,,,,,,,,,,,,,,,,,,,,,,,,,,,277,,,15,19,238,,,11.4,10.7,24.6,,,,,,,,,,,,,,,,,,,,,,,,,,,,,,,,,,,,,,,,,,,,,,,,,,,,,,,,,
120,Right,Ulna,,,,,,,,,,,,,,,,,,,,,,,,,,,,,,,,253,,,14,14,225,,,12.6,12.2,24.6,,,,,,,,,,,,,,,,,,,,,,,,,,,,,,,,,,,,,,,,,,,,,,,,,,,,,,,,,
121,Right,Ulna,,,,,,,,,,,,,,,,,,,,,,,,,,,,,,,,253,,,15,16,220,,,14.8,12.8,28.4,,,,,,,,,,,,,,,,,,,,,,,,,,,,,,,,,,,,,,,,,,,,,,,,,,,,,,,,,
122,Right,Ulna,,,,,,,,,,,,,,,,,,,,,,,,,,,,,,,,267,,,16,13,234,,,12.6,11.3,27.1,,,,,,,,,,,,,,,,,,,,,,,,,,,,,,,,,,,,,,,,,,,,,,,,,,,,,,,,,
123,Right,Ulna,,,,,,,,,,,,,,,,,,,,,,,,,,,,,,,,267,,,13,18,238,,,12.1,11.9,26.5,,,,,,,,,,,,,,,,,,,,,,,,,,,,,,,,,,,,,,,,,,,,,,,,,,,,,,,,,
124,Right,Ulna,,,,,,,,,,,,,,,,,,,,,,,,,,,,,,,,252,,,11,17,227,,,12.2,11.4,26.6,,,,,,,,,,,,,,,,,,,,,,,,,,,,,,,,,,,,,,,,,,,,,,,,,,,,,,,,,
125,Right,Ulna,,,,,,,,,,,,,,,,,,,,,,,,,,,,,,,,235,,,10,14,208,,,10.8,10.2,22.7,,,,,,,,,,,,,,,,,,,,,,,,,,,,,,,,,,,,,,,,,,,,,,,,,,,,,,,,,
126,Right,Ulna,,,,,,,,,,,,,,,,,,,,,,,,,,,,,,,,235,,,10,11,210,,,11.3,11.1,23.8,,,,,,,,,,,,,,,,,,,,,,,,,,,,,,,,,,,,,,,,,,,,,,,,,,,,,,,,,
127,Right,Ulna,,,,,,,,,,,,,,,,,,,,,,,,,,,,,,,,200,,,10,14,208,,,10.8,10.2,22.7,,,,,,,,,,,,,,,,,,,,,,,,,,,,,,,,,,,,,,,,,,,,,,,,,,,,,,,,,
128,Right,Ulna,,,,,,,,,,,,,,,,,,,,,,,,,,,,,,,,315,,,10,11,210,,,11.3,11.1,23.8,,,,,,,,,,,,,,,,,,,,,,,,,,,,,,,,,,,,,,,,,,,,,,,,,,,,,,,,,
129,Left,Femur,,,,,,,,,,,,,,,,,,,,,,,,,,,,,,,,,,,,,,,,,,,,,,,,,,,,,,,,,,,,489,483,92,49,30,28,30,,,,,,,25.3,28.4,34.2,32.5,,,,,,,,,,,,,,,,,,,,,,,
130,Left,Femur,,,,,,,,,,,,,,,,,,,,,,,,,,,,,,,,,,,,,,,,,,,,,,,,,,,,,,,,,,,,466,463,89,51,34,30,33,,,,,,,31.1,32.5,40.5,33.2,,,,,,,,,,,,,,,,,,,,,,,
131,Left,Femur,,,,,,,,,,,,,,,,,,,,,,,,,,,,,,,,,,,,,,,,,,,,,,,,,,,,,,,,,,,,445,441,82,49,33,30,31,,,,,,,27.9,25.7,36.6,29.8,,,,,,,,,,,,,,,,,,,,,,,
132,Left,Femur,,,,,,,,,,,,,,,,,,,,,,,,,,,,,,,,,,,,,,,,,,,,,,,,,,,,,,,,,,,,427,425,76,41,29,26,31,,,,,,,25,25.8,36.2,28.8,,,,,,,,,,,,,,,,,,,,,,,
133,Left,Femur,,,,,,,,,,,,,,,,,,,,,,,,,,,,,,,,,,,,,,,,,,,,,,,,,,,,,,,,,,,,455,452,81,46,33,33,30,,,,,,,27.7,24.9,36.8,32.8,,,,,,,,,,,,,,,,,,,,,,,
134,Left,Femur,,,,,,,,,,,,,,,,,,,,,,,,,,,,,,,,,,,,,,,,,,,,,,,,,,,,,,,,,,,,450,449,82,43,33,31,29,,,,,,,23.58,22.66,27.55,29.64,,,,,,,,,,,,,,,,,,,,,,,
135,Left,Femur,,,,,,,,,,,,,,,,,,,,,,,,,,,,,,,,,,,,,,,,,,,,,,,,,,,,,,,,,,,,469,466,89,49,31,30,33,,,,,,,20.3,21.04,26.33,24.98,,,,,,,,,,,,,,,,,,,,,,,
136,Left,Femur,,,,,,,,,,,,,,,,,,,,,,,,,,,,,,,,,,,,,,,,,,,,,,,,,,,,,,,,,,,,489,484,82,49,35,28,30,,,,,,,23.12,20.4,28.29,29.18,,,,,,,,,,,,,,,,,,,,,,,
137,Left,Femur,,,,,,,,,,,,,,,,,,,,,,,,,,,,,,,,,,,,,,,,,,,,,,,,,,,,,,,,,,,,423,419,83,46,25,30,27,,,,,,,19.75,21.21,25.7,23.62,,,,,,,,,,,,,,,,,,,,,,,
138,Left,Femur,,,,,,,,,,,,,,,,,,,,,,,,,,,,,,,,,,,,,,,,,,,,,,,,,,,,,,,,,,,,425,420,81,46,35,30,35,,,,,,,21.25,21.43,26.33,23.92,,,,,,,,,,,,,,,,,,,,,,,
139,Left,Femur,,,,,,,,,,,,,,,,,,,,,,,,,,,,,,,,,,,,,,,,,,,,,,,,,,,,,,,,,,,,474,471,87,50,33,29,30,,,,,,,28.5,30.7,34.7,29.1,,,,,,,,,,,,,,,,,,,,,,,
140,Left,Femur,,,,,,,,,,,,,,,,,,,,,,,,,,,,,,,,,,,,,,,,,,,,,,,,,,,,,,,,,,,,477,472,89,51,33,30,32,,,,,,,23.5,24.2,29.1,28,,,,,,,,,,,,,,,,,,,,,,,
141,Left,Femur,,,,,,,,,,,,,,,,,,,,,,,,,,,,,,,,,,,,,,,,,,,,,,,,,,,,,,,,,,,,458,457,78,46,32,28,28,,,,,,,22.3,25,29.4,26.3,,,,,,,,,,,,,,,,,,,,,,,
142,Left,Femur,,,,,,,,,,,,,,,,,,,,,,,,,,,,,,,,,,,,,,,,,,,,,,,,,,,,,,,,,,,,415,412,72,41,30,22,25,,,,,,,22.3,23.8,29.6,27.3,,,,,,,,,,,,,,,,,,,,,,,
143,Left,Femur,,,,,,,,,,,,,,,,,,,,,,,,,,,,,,,,,,,,,,,,,,,,,,,,,,,,,,,,,,,,444,441,79,47,35,29,31,,,,,,,19.6,21,26,22.8,,,,,,,,,,,,,,,,,,,,,,,
144,Left,Femur,,,,,,,,,,,,,,,,,,,,,,,,,,,,,,,,,,,,,,,,,,,,,,,,,,,,,,,,,,,,432,426,83,48,29,28,27,,,,,,,27.1,27.6,33,31.6,,,,,,,,,,,,,,,,,,,,,,,
145,Left,Femur,,,,,,,,,,,,,,,,,,,,,,,,,,,,,,,,,,,,,,,,,,,,,,,,,,,,,,,,,,,,425,421,73,39,26,29,28,,,,,,,22.4,24.4,31.8,29.5,,,,,,,,,,,,,,,,,,,,,,,
146,Left,Femur,,,,,,,,,,,,,,,,,,,,,,,,,,,,,,,,,,,,,,,,,,,,,,,,,,,,,,,,,,,,412,410,70,40,25,23,24,,,,,,,26.5,26.4,38.6,30.3,,,,,,,,,,,,,,,,,,,,,,,
147,Left,Femur,,,,,,,,,,,,,,,,,,,,,,,,,,,,,,,,,,,,,,,,,,,,,,,,,,,,,,,,,,,,436,431,78,43,33,25,30,,,,,,,24.4,24.8,31.7,29.8,,,,,,,,,,,,,,,,,,,,,,,
148,Left,Femur,,,,,,,,,,,,,,,,,,,,,,,,,,,,,,,,,,,,,,,,,,,,,,,,,,,,,,,,,,,,464,461,77,45,25,27,30,,,,,,,23.6,24.4,32.8,25.5,,,,,,,,,,,,,,,,,,,,,,,
149,Right,Femur,,,,,,,,,,,,,,,,,,,,,,,,,,,,,,,,,,,,,,,,,,,,,,,,,,,,,,,,,,,,487,480,91,49,30,28,31,,,,,,,27.7,28.3,35.1,33.4,,,,,,,,,,,,,,,,,,,,,,,
150,Right,Femur,,,,,,,,,,,,,,,,,,,,,,,,,,,,,,,,,,,,,,,,,,,,,,,,,,,,,,,,,,,,466,462,88,50,36,30,33,,,,,,,32.3,32.8,38.1,33.2,,,,,,,,,,,,,,,,,,,,,,,
151,Right,Femur,,,,,,,,,,,,,,,,,,,,,,,,,,,,,,,,,,,,,,,,,,,,,,,,,,,,,,,,,,,,450,447,83,48,33,30,31,,,,,,,27.2,25.5,35.7,30.3,,,,,,,,,,,,,,,,,,,,,,,
152,Right,Femur,,,,,,,,,,,,,,,,,,,,,,,,,,,,,,,,,,,,,,,,,,,,,,,,,,,,,,,,,,,,431,426,76,42,30,26,30,,,,,,,25.9,26.1,34.4,30.3,,,,,,,,,,,,,,,,,,,,,,,
153,Right,Femur,,,,,,,,,,,,,,,,,,,,,,,,,,,,,,,,,,,,,,,,,,,,,,,,,,,,,,,,,,,,451,448,81,47,35,30,30,,,,,,,28.3,25.2,34.9,35.3,,,,,,,,,,,,,,,,,,,,,,,
154,Right,Femur,,,,,,,,,,,,,,,,,,,,,,,,,,,,,,,,,,,,,,,,,,,,,,,,,,,,,,,,,,,,459,457,83,44,35,25,,,,,,,,23.46,22.47,27.55,28.96,,,,,,,,,,,,,,,,,,,,,,,
155,Right,Femur,,,,,,,,,,,,,,,,,,,,,,,,,,,,,,,,,,,,,,,,,,,,,,,,,,,,,,,,,,,,470,467,89,50,31,30,,,,,,,,20.28,21.14,25.6,25.01,,,,,,,,,,,,,,,,,,,,,,,
156,Right,Femur,,,,,,,,,,,,,,,,,,,,,,,,,,,,,,,,,,,,,,,,,,,,,,,,,,,,,,,,,,,,486,481,81,49,35,27,,,,,,,,23.06,19.49,26.61,28.17,,,,,,,,,,,,,,,,,,,,,,,
157,Right,Femur,,,,,,,,,,,,,,,,,,,,,,,,,,,,,,,,,,,,,,,,,,,,,,,,,,,,,,,,,,,,423,419,82,45,,30,27,,,,,,,19.7,20.37,25.53,24.93,,,,,,,,,,,,,,,,,,,,,,,
158,Right,Femur,,,,,,,,,,,,,,,,,,,,,,,,,,,,,,,,,,,,,,,,,,,,,,,,,,,,,,,,,,,,420,416,80,47,,30,35,,,,,,,21.1,21.1,25.21,24.25,,,,,,,,,,,,,,,,,,,,,,,
159,Right,Femur,,,,,,,,,,,,,,,,,,,,,,,,,,,,,,,,,,,,,,,,,,,,,,,,,,,,,,,,,,,,470,468,88,51,,28,29,,,,,,,29.4,29.4,33.1,32.1,,,,,,,,,,,,,,,,,,,,,,,
160,Right,Femur,,,,,,,,,,,,,,,,,,,,,,,,,,,,,,,,,,,,,,,,,,,,,,,,,,,,,,,,,,,,476,472,89,52,,30,31,,,,,,,23.9,25.7,28.3,27.6,,,,,,,,,,,,,,,,,,,,,,,
161,Right,Femur,,,,,,,,,,,,,,,,,,,,,,,,,,,,,,,,,,,,,,,,,,,,,,,,,,,,,,,,,,,,465,463,,46,,25,26,,,,,,,21.9,24.2,30.6,26.7,,,,,,,,,,,,,,,,,,,,,,,
162,Right,Femur,,,,,,,,,,,,,,,,,,,,,,,,,,,,,,,,,,,,,,,,,,,,,,,,,,,,,,,,,,,,,410,,40,,23,25,,,,,,,21.9,22.4,28.1,27.1,,,,,,,,,,,,,,,,,,,,,,,
163,Right,Femur,,,,,,,,,,,,,,,,,,,,,,,,,,,,,,,,,,,,,,,,,,,,,,,,,,,,,,,,,,,,,437,,47,32,30,32,,,,,,,18.5,19.5,25.2,23.2,,,,,,,,,,,,,,,,,,,,,,,
164,Right,Femur,,,,,,,,,,,,,,,,,,,,,,,,,,,,,,,,,,,,,,,,,,,,,,,,,,,,,,,,,,,,,425,,50,31,26,26,,,,,,,27.5,28.9,33.6,33,,,,,,,,,,,,,,,,,,,,,,,
165,Right,Femur,,,,,,,,,,,,,,,,,,,,,,,,,,,,,,,,,,,,,,,,,,,,,,,,,,,,,,,,,,,,,420,72,39,28,27,29,,,,,,,22.5,23.5,30.7,29.5,,,,,,,,,,,,,,,,,,,,,,,
166,Right,Femur,,,,,,,,,,,,,,,,,,,,,,,,,,,,,,,,,,,,,,,,,,,,,,,,,,,,,,,,,,,,408,406,70,41,26,22,25,,,,,,,26.7,26.8,37.5,30.7,,,,,,,,,,,,,,,,,,,,,,,
167,Right,Femur,,,,,,,,,,,,,,,,,,,,,,,,,,,,,,,,,,,,,,,,,,,,,,,,,,,,,,,,,,,,430,424,78,43,34,24,29,,,,,,,24.2,24.3,32.1,29.4,,,,,,,,,,,,,,,,,,,,,,,
168,Right,Femur,,,,,,,,,,,,,,,,,,,,,,,,,,,,,,,,,,,,,,,,,,,,,,,,,,,,,,,,,,,,465,462,77,46,26,27,30,,,,,,,23.7,23.5,31,25.6,,,,,,,,,,,,,,,,,,,,,,,
169,Right,Femur,,,,,,,,,,,,,,,,,,,,,,,,,,,,,,,,,,,,,,,,,,,,,,,,,,,,,,,,,,,,400,420,72,39,28,27,29,,,,,,,22.5,23.5,30.7,29.5,,,,,,,,,,,,,,,,,,,,,,,
170,Right,Femur,,,,,,,,,,,,,,,,,,,,,,,,,,,,,,,,,,,,,,,,,,,,,,,,,,,,,,,,,,,,410,406,70,41,26,22,25,,,,,,,26.7,26.8,37.5,30.7,,,,,,,,,,,,,,,,,,,,,,,
171,Right,Femur,,,,,,,,,,,,,,,,,,,,,,,,,,,,,,,,,,,,,,,,,,,,,,,,,,,,,,,,,,,,555,424,78,43,34,24,29,,,,,,,24.2,24.3,32.1,29.4,,,,,,,,,,,,,,,,,,,,,,,
172,Right,Femur,,,,,,,,,,,,,,,,,,,,,,,,,,,,,,,,,,,,,,,,,,,,,,,,,,,,,,,,,,,,520,462,77,46,26,27,30,,,,,,,23.7,23.5,31,25.6,,,,,,,,,,,,,,,,,,,,,,,
173,Left,Tibia,,,,,,,,,,,,,,,,,,,,,,,,,,,,,,,,,,,,,,,,,,,,,,,,,,,,,,,,,,,,,,,,,,,,,,,,,,,,,,,404,82,53,36,24,,,,,34.1,24.8,27.3,,,,,,,,,
174,Left,Tibia,,,,,,,,,,,,,,,,,,,,,,,,,,,,,,,,,,,,,,,,,,,,,,,,,,,,,,,,,,,,,,,,,,,,,,,,,,,,,,,399,81,50,42,24,,,,,35,26.8,30.8,,,,,,,,,
175,Left,Tibia,,,,,,,,,,,,,,,,,,,,,,,,,,,,,,,,,,,,,,,,,,,,,,,,,,,,,,,,,,,,,,,,,,,,,,,,,,,,,,,367,73,49,33,22,,,,,35.4,23,30,,,,,,,,,
176,Left,Tibia,,,,,,,,,,,,,,,,,,,,,,,,,,,,,,,,,,,,,,,,,,,,,,,,,,,,,,,,,,,,,,,,,,,,,,,,,,,,,,,410,79,50,40,25,,,,,33.2,25.5,34.3,,,,,,,,,
177,Left,Tibia,,,,,,,,,,,,,,,,,,,,,,,,,,,,,,,,,,,,,,,,,,,,,,,,,,,,,,,,,,,,,,,,,,,,,,,,,,,,,,,349,69,46,34,21,,,,,32.2,22.3,33.3,,,,,,,,,
178,Left,Tibia,,,,,,,,,,,,,,,,,,,,,,,,,,,,,,,,,,,,,,,,,,,,,,,,,,,,,,,,,,,,,,,,,,,,,,,,,,,,,,,386,76,50,37,24,,,,,33.4,25.6,31,,,,,,,,,
179,Left,Tibia,,,,,,,,,,,,,,,,,,,,,,,,,,,,,,,,,,,,,,,,,,,,,,,,,,,,,,,,,,,,,,,,,,,,,,,,,,,,,,,425,79,52,38,33,,,,,36.1,28.2,35.5,,,,,,,,,
180,Left,Tibia,,,,,,,,,,,,,,,,,,,,,,,,,,,,,,,,,,,,,,,,,,,,,,,,,,,,,,,,,,,,,,,,,,,,,,,,,,,,,,,379,76,50,34,23,,,,,38.6,24.5,40.7,,,,,,,,,
181,Left,Tibia,,,,,,,,,,,,,,,,,,,,,,,,,,,,,,,,,,,,,,,,,,,,,,,,,,,,,,,,,,,,,,,,,,,,,,,,,,,,,,,396,75,51,37,27,,,,,39,25.8,35,,,,,,,,,
182,Left,Tibia,,,,,,,,,,,,,,,,,,,,,,,,,,,,,,,,,,,,,,,,,,,,,,,,,,,,,,,,,,,,,,,,,,,,,,,,,,,,,,,384,84,57,39,27,,,,,35.3,23.8,35.3,,,,,,,,,
183,Left,Tibia,,,,,,,,,,,,,,,,,,,,,,,,,,,,,,,,,,,,,,,,,,,,,,,,,,,,,,,,,,,,,,,,,,,,,,,,,,,,,,,389,79,50,41,24,,,,,34.9,24.6,31,,,,,,,,,
184,Left,Tibia,,,,,,,,,,,,,,,,,,,,,,,,,,,,,,,,,,,,,,,,,,,,,,,,,,,,,,,,,,,,,,,,,,,,,,,,,,,,,,,344,75,50,32,25,,,,,35.8,29.6,33.2,,,,,,,,,
185,Left,Tibia,,,,,,,,,,,,,,,,,,,,,,,,,,,,,,,,,,,,,,,,,,,,,,,,,,,,,,,,,,,,,,,,,,,,,,,,,,,,,,,341,75,49,39,26,,,,,35.1,28,36.9,,,,,,,,,
186,Left,Tibia,,,,,,,,,,,,,,,,,,,,,,,,,,,,,,,,,,,,,,,,,,,,,,,,,,,,,,,,,,,,,,,,,,,,,,,,,,,,,,,387,81,56,33,21,,,,,38.7,27.7,32.1,,,,,,,,,
187,Left,Tibia,,,,,,,,,,,,,,,,,,,,,,,,,,,,,,,,,,,,,,,,,,,,,,,,,,,,,,,,,,,,,,,,,,,,,,,,,,,,,,,380,83,55,38,24,,,,,38.5,27.3,35.8,,,,,,,,,
188,Left,Tibia,,,,,,,,,,,,,,,,,,,,,,,,,,,,,,,,,,,,,,,,,,,,,,,,,,,,,,,,,,,,,,,,,,,,,,,,,,,,,,,378,72,49,34,20,,,,,42.1,28,34.9,,,,,,,,,
189,Left,Tibia,,,,,,,,,,,,,,,,,,,,,,,,,,,,,,,,,,,,,,,,,,,,,,,,,,,,,,,,,,,,,,,,,,,,,,,,,,,,,,,334,67,45,30,21,,,,,37.7,25.7,37.2,,,,,,,,,
190,Left,Tibia,,,,,,,,,,,,,,,,,,,,,,,,,,,,,,,,,,,,,,,,,,,,,,,,,,,,,,,,,,,,,,,,,,,,,,,,,,,,,,,370,75,50,35,26,,,,,36.3,27.4,34.6,,,,,,,,,
191,Left,Tibia,,,,,,,,,,,,,,,,,,,,,,,,,,,,,,,,,,,,,,,,,,,,,,,,,,,,,,,,,,,,,,,,,,,,,,,,,,,,,,,385,75,50,36,24,,,,,32.9,26.9,33.7,,,,,,,,,
192,Left,Tibia,,,,,,,,,,,,,,,,,,,,,,,,,,,,,,,,,,,,,,,,,,,,,,,,,,,,,,,,,,,,,,,,,,,,,,,,,,,,,,,337,64,40,33,23,,,,,36.2,26.4,31.4,,,,,,,,,
193,Right,Tibia,,,,,,,,,,,,,,,,,,,,,,,,,,,,,,,,,,,,,,,,,,,,,,,,,,,,,,,,,,,,,,,,,,,,,,,,,,,,,,,397,82,55,34,26,,,,,32.6,24,27.6,,,,,,,,,
194,Right,Tibia,,,,,,,,,,,,,,,,,,,,,,,,,,,,,,,,,,,,,,,,,,,,,,,,,,,,,,,,,,,,,,,,,,,,,,,,,,,,,,,393,79,51,39,23,,,,,33.1,24.4,31,,,,,,,,,
195,Right,Tibia,,,,,,,,,,,,,,,,,,,,,,,,,,,,,,,,,,,,,,,,,,,,,,,,,,,,,,,,,,,,,,,,,,,,,,,,,,,,,,,366,73,49,31,23,,,,,33.6,23.9,30.8,,,,,,,,,
196,Right,Tibia,,,,,,,,,,,,,,,,,,,,,,,,,,,,,,,,,,,,,,,,,,,,,,,,,,,,,,,,,,,,,,,,,,,,,,,,,,,,,,,411,79,48,39,26,,,,,33.5,28,35,,,,,,,,,
197,Right,Tibia,,,,,,,,,,,,,,,,,,,,,,,,,,,,,,,,,,,,,,,,,,,,,,,,,,,,,,,,,,,,,,,,,,,,,,,,,,,,,,,348,69,46,35,21,,,,,32.5,22.7,35.3,,,,,,,,,
198,Right,Tibia,,,,,,,,,,,,,,,,,,,,,,,,,,,,,,,,,,,,,,,,,,,,,,,,,,,,,,,,,,,,,,,,,,,,,,,,,,,,,,,382,75,49,37,26,,,,,33.1,25,33.1,,,,,,,,,
199,Right,Tibia,,,,,,,,,,,,,,,,,,,,,,,,,,,,,,,,,,,,,,,,,,,,,,,,,,,,,,,,,,,,,,,,,,,,,,,,,,,,,,,430,81,53,40,32,,,,,35.7,26.2,39.1,,,,,,,,,
200,Right,Tibia,,,,,,,,,,,,,,,,,,,,,,,,,,,,,,,,,,,,,,,,,,,,,,,,,,,,,,,,,,,,,,,,,,,,,,,,,,,,,,,371,76,49,32,24,,,,,39.8,25.7,35.9,,,,,,,,,
201,Right,Tibia,,,,,,,,,,,,,,,,,,,,,,,,,,,,,,,,,,,,,,,,,,,,,,,,,,,,,,,,,,,,,,,,,,,,,,,,,,,,,,,398,75,50,38,26,,,,,39.8,25.4,34,,,,,,,,,
202,Right,Tibia,,,,,,,,,,,,,,,,,,,,,,,,,,,,,,,,,,,,,,,,,,,,,,,,,,,,,,,,,,,,,,,,,,,,,,,,,,,,,,,388,84,56,39,28,,,,,33.3,23.9,34.8,,,,,,,,,
203,Right,Tibia,,,,,,,,,,,,,,,,,,,,,,,,,,,,,,,,,,,,,,,,,,,,,,,,,,,,,,,,,,,,,,,,,,,,,,,,,,,,,,,387,78,49,41,24,,,,,37.1,25.9,32.7,,,,,,,,,
204,Right,Tibia,,,,,,,,,,,,,,,,,,,,,,,,,,,,,,,,,,,,,,,,,,,,,,,,,,,,,,,,,,,,,,,,,,,,,,,,,,,,,,,342,75,50,34,25,,,,,36.2,28.2,29.3,,,,,,,,,
205,Right,Tibia,,,,,,,,,,,,,,,,,,,,,,,,,,,,,,,,,,,,,,,,,,,,,,,,,,,,,,,,,,,,,,,,,,,,,,,,,,,,,,,340,72,48,38,28,,,,,35.6,28.4,37.4,,,,,,,,,
206,Right,Tibia,,,,,,,,,,,,,,,,,,,,,,,,,,,,,,,,,,,,,,,,,,,,,,,,,,,,,,,,,,,,,,,,,,,,,,,,,,,,,,,384,83,56,32,22,,,,,37.6,25.6,34.1,,,,,,,,,
207,Right,Tibia,,,,,,,,,,,,,,,,,,,,,,,,,,,,,,,,,,,,,,,,,,,,,,,,,,,,,,,,,,,,,,,,,,,,,,,,,,,,,,,379,84,54,37,24,,,,,38.2,27.8,36.7,,,,,,,,,
208,Right,Tibia,,,,,,,,,,,,,,,,,,,,,,,,,,,,,,,,,,,,,,,,,,,,,,,,,,,,,,,,,,,,,,,,,,,,,,,,,,,,,,,380,74,47,32,20,,,,,39,27.3,32.4,,,,,,,,,
209,Right,Tibia,,,,,,,,,,,,,,,,,,,,,,,,,,,,,,,,,,,,,,,,,,,,,,,,,,,,,,,,,,,,,,,,,,,,,,,,,,,,,,,335,66,46,29,21,,,,,39,26.5,36.3,,,,,,,,,
210,Right,Tibia,,,,,,,,,,,,,,,,,,,,,,,,,,,,,,,,,,,,,,,,,,,,,,,,,,,,,,,,,,,,,,,,,,,,,,,,,,,,,,,372,75,48,35,27,,,,,34,26.3,34.3,,,,,,,,,
211,Right,Tibia,,,,,,,,,,,,,,,,,,,,,,,,,,,,,,,,,,,,,,,,,,,,,,,,,,,,,,,,,,,,,,,,,,,,,,,,,,,,,,,386,74,50,36,23,,,,,34,27,33.1,,,,,,,,,
212,Right,Tibia,,,,,,,,,,,,,,,,,,,,,,,,,,,,,,,,,,,,,,,,,,,,,,,,,,,,,,,,,,,,,,,,,,,,,,,,,,,,,,,334,64,37,32,25,,,,,38.4,24.9,32.9,,,,,,,,,
213,Right,Tibia,,,,,,,,,,,,,,,,,,,,,,,,,,,,,,,,,,,,,,,,,,,,,,,,,,,,,,,,,,,,,,,,,,,,,,,,,,,,,,,310,66,46,29,21,,,,,39,26.5,36.3,,,,,,,,,
214,Right,Tibia,,,,,,,,,,,,,,,,,,,,,,,,,,,,,,,,,,,,,,,,,,,,,,,,,,,,,,,,,,,,,,,,,,,,,,,,,,,,,,,305,75,48,35,27,,,,,34,26.3,34.3,,,,,,,,,
215,Right,Tibia,,,,,,,,,,,,,,,,,,,,,,,,,,,,,,,,,,,,,,,,,,,,,,,,,,,,,,,,,,,,,,,,,,,,,,,,,,,,,,,420,74,50,36,23,,,,,34,27,33.1,,,,,,,,,
216,Right,Tibia,,,,,,,,,,,,,,,,,,,,,,,,,,,,,,,,,,,,,,,,,,,,,,,,,,,,,,,,,,,,,,,,,,,,,,,,,,,,,,,460,64,37,32,25,,,,,38.4,24.9,32.9,,,,,,,,,
217,Left,Fibula,,,,,,,,,,,,,,,,,,,,,,,,,,,,,,,,,,,,,,,,,,,,,,,,,,,,,,,,,,,,,,,,,,,,,,,,,,,,,,,,,,,,,,,,,,,,,,,397,17,17.9,8.1,24.5
218,Left,Fibula,,,,,,,,,,,,,,,,,,,,,,,,,,,,,,,,,,,,,,,,,,,,,,,,,,,,,,,,,,,,,,,,,,,,,,,,,,,,,,,,,,,,,,,,,,,,,,,385,20,18.4,10.7,26.6
219,Left,Fibula,,,,,,,,,,,,,,,,,,,,,,,,,,,,,,,,,,,,,,,,,,,,,,,,,,,,,,,,,,,,,,,,,,,,,,,,,,,,,,,,,,,,,,,,,,,,,,,384,13,15.7,8.3,27
220,Left,Fibula,,,,,,,,,,,,,,,,,,,,,,,,,,,,,,,,,,,,,,,,,,,,,,,,,,,,,,,,,,,,,,,,,,,,,,,,,,,,,,,,,,,,,,,,,,,,,,,420,17,18.1,10.2,25.3
221,Left,Fibula,,,,,,,,,,,,,,,,,,,,,,,,,,,,,,,,,,,,,,,,,,,,,,,,,,,,,,,,,,,,,,,,,,,,,,,,,,,,,,,,,,,,,,,,,,,,,,,369,16,16.6,8.9,29.5
222,Left,Fibula,,,,,,,,,,,,,,,,,,,,,,,,,,,,,,,,,,,,,,,,,,,,,,,,,,,,,,,,,,,,,,,,,,,,,,,,,,,,,,,,,,,,,,,,,,,,,,,392,16,14.3,8,28.6
223,Left,Fibula,,,,,,,,,,,,,,,,,,,,,,,,,,,,,,,,,,,,,,,,,,,,,,,,,,,,,,,,,,,,,,,,,,,,,,,,,,,,,,,,,,,,,,,,,,,,,,,381,14,15.6,9.4,29.6
224,Left,Fibula,,,,,,,,,,,,,,,,,,,,,,,,,,,,,,,,,,,,,,,,,,,,,,,,,,,,,,,,,,,,,,,,,,,,,,,,,,,,,,,,,,,,,,,,,,,,,,,382,17,17,11,30.7
225,Left,Fibula,,,,,,,,,,,,,,,,,,,,,,,,,,,,,,,,,,,,,,,,,,,,,,,,,,,,,,,,,,,,,,,,,,,,,,,,,,,,,,,,,,,,,,,,,,,,,,,335,14,16.4,8.7,28
226,Left,Fibula,,,,,,,,,,,,,,,,,,,,,,,,,,,,,,,,,,,,,,,,,,,,,,,,,,,,,,,,,,,,,,,,,,,,,,,,,,,,,,,,,,,,,,,,,,,,,,,386,15,16.6,9.7,27
227,Left,Fibula,,,,,,,,,,,,,,,,,,,,,,,,,,,,,,,,,,,,,,,,,,,,,,,,,,,,,,,,,,,,,,,,,,,,,,,,,,,,,,,,,,,,,,,,,,,,,,,375,17,15.7,9.2,28.7
228,Left,Fibula,,,,,,,,,,,,,,,,,,,,,,,,,,,,,,,,,,,,,,,,,,,,,,,,,,,,,,,,,,,,,,,,,,,,,,,,,,,,,,,,,,,,,,,,,,,,,,,369,14,15.5,9.4,28.2
229,Left,Fibula,,,,,,,,,,,,,,,,,,,,,,,,,,,,,,,,,,,,,,,,,,,,,,,,,,,,,,,,,,,,,,,,,,,,,,,,,,,,,,,,,,,,,,,,,,,,,,,337,15,17.7,10.2,27.4
230,Left,Fibula,,,,,,,,,,,,,,,,,,,,,,,,,,,,,,,,,,,,,,,,,,,,,,,,,,,,,,,,,,,,,,,,,,,,,,,,,,,,,,,,,,,,,,,,,,,,,,,329,12,17,8,27
231,Left,Fibula,,,,,,,,,,,,,,,,,,,,,,,,,,,,,,,,,,,,,,,,,,,,,,,,,,,,,,,,,,,,,,,,,,,,,,,,,,,,,,,,,,,,,,,,,,,,,,,338,15,18.3,8.9,27.6
232,Left,Fibula,,,,,,,,,,,,,,,,,,,,,,,,,,,,,,,,,,,,,,,,,,,,,,,,,,,,,,,,,,,,,,,,,,,,,,,,,,,,,,,,,,,,,,,,,,,,,,,415,17,17.1,12,29.1
233,Left,Fibula,,,,,,,,,,,,,,,,,,,,,,,,,,,,,,,,,,,,,,,,,,,,,,,,,,,,,,,,,,,,,,,,,,,,,,,,,,,,,,,,,,,,,,,,,,,,,,,364,16,19,10,29.5
234,Left,Fibula,,,,,,,,,,,,,,,,,,,,,,,,,,,,,,,,,,,,,,,,,,,,,,,,,,,,,,,,,,,,,,,,,,,,,,,,,,,,,,,,,,,,,,,,,,,,,,,332,13,15.9,9.4,32.8
235,Left,Fibula,,,,,,,,,,,,,,,,,,,,,,,,,,,,,,,,,,,,,,,,,,,,,,,,,,,,,,,,,,,,,,,,,,,,,,,,,,,,,,,,,,,,,,,,,,,,,,,391,12,17.2,10.2,26.9
236,Left,Fibula,,,,,,,,,,,,,,,,,,,,,,,,,,,,,,,,,,,,,,,,,,,,,,,,,,,,,,,,,,,,,,,,,,,,,,,,,,,,,,,,,,,,,,,,,,,,,,,378,14,14.8,9.2,27.2
237,Right,Fibula,,,,,,,,,,,,,,,,,,,,,,,,,,,,,,,,,,,,,,,,,,,,,,,,,,,,,,,,,,,,,,,,,,,,,,,,,,,,,,,,,,,,,,,,,,,,,,,396,18,18.1,8.3,24.8
238,Right,Fibula,,,,,,,,,,,,,,,,,,,,,,,,,,,,,,,,,,,,,,,,,,,,,,,,,,,,,,,,,,,,,,,,,,,,,,,,,,,,,,,,,,,,,,,,,,,,,,,385,18,16.5,10.5,26.8
239,Right,Fibula,,,,,,,,,,,,,,,,,,,,,,,,,,,,,,,,,,,,,,,,,,,,,,,,,,,,,,,,,,,,,,,,,,,,,,,,,,,,,,,,,,,,,,,,,,,,,,,382,14,17.1,8.6,28.3
240,Right,Fibula,,,,,,,,,,,,,,,,,,,,,,,,,,,,,,,,,,,,,,,,,,,,,,,,,,,,,,,,,,,,,,,,,,,,,,,,,,,,,,,,,,,,,,,,,,,,,,,424,17,17.4,10.1,26.8
241,Right,Fibula,,,,,,,,,,,,,,,,,,,,,,,,,,,,,,,,,,,,,,,,,,,,,,,,,,,,,,,,,,,,,,,,,,,,,,,,,,,,,,,,,,,,,,,,,,,,,,,363,17,17.8,9.2,27
242,Right,Fibula,,,,,,,,,,,,,,,,,,,,,,,,,,,,,,,,,,,,,,,,,,,,,,,,,,,,,,,,,,,,,,,,,,,,,,,,,,,,,,,,,,,,,,,,,,,,,,,391,17,15.5,8,28
243,Right,Fibula,,,,,,,,,,,,,,,,,,,,,,,,,,,,,,,,,,,,,,,,,,,,,,,,,,,,,,,,,,,,,,,,,,,,,,,,,,,,,,,,,,,,,,,,,,,,,,,385,16,16.6,10.4,30
244,Right,Fibula,,,,,,,,,,,,,,,,,,,,,,,,,,,,,,,,,,,,,,,,,,,,,,,,,,,,,,,,,,,,,,,,,,,,,,,,,,,,,,,,,,,,,,,,,,,,,,,381,17,16.6,10.9,31.1
245,Right,Fibula,,,,,,,,,,,,,,,,,,,,,,,,,,,,,,,,,,,,,,,,,,,,,,,,,,,,,,,,,,,,,,,,,,,,,,,,,,,,,,,,,,,,,,,,,,,,,,,336,13,18.2,8.6,29.7
246,Right,Fibula,,,,,,,,,,,,,,,,,,,,,,,,,,,,,,,,,,,,,,,,,,,,,,,,,,,,,,,,,,,,,,,,,,,,,,,,,,,,,,,,,,,,,,,,,,,,,,,385,16,17.8,9.9,27.2
247,Right,Fibula,,,,,,,,,,,,,,,,,,,,,,,,,,,,,,,,,,,,,,,,,,,,,,,,,,,,,,,,,,,,,,,,,,,,,,,,,,,,,,,,,,,,,,,,,,,,,,,373,17,15.9,9,28.5
248,Right,Fibula,,,,,,,,,,,,,,,,,,,,,,,,,,,,,,,,,,,,,,,,,,,,,,,,,,,,,,,,,,,,,,,,,,,,,,,,,,,,,,,,,,,,,,,,,,,,,,,369,14,16.3,8.1,29.1
249,Right,Fibula,,,,,,,,,,,,,,,,,,,,,,,,,,,,,,,,,,,,,,,,,,,,,,,,,,,,,,,,,,,,,,,,,,,,,,,,,,,,,,,,,,,,,,,,,,,,,,,336,15,18.7,9.5,26.5
250,Right,Fibula,,,,,,,,,,,,,,,,,,,,,,,,,,,,,,,,,,,,,,,,,,,,,,,,,,,,,,,,,,,,,,,,,,,,,,,,,,,,,,,,,,,,,,,,,,,,,,,330,12,16.7,7.4,27.9
251,Right,Fibula,,,,,,,,,,,,,,,,,,,,,,,,,,,,,,,,,,,,,,,,,,,,,,,,,,,,,,,,,,,,,,,,,,,,,,,,,,,,,,,,,,,,,,,,,,,,,,,343,16,18.4,9.2,27.9
252,Right,Fibula,,,,,,,,,,,,,,,,,,,,,,,,,,,,,,,,,,,,,,,,,,,,,,,,,,,,,,,,,,,,,,,,,,,,,,,,,,,,,,,,,,,,,,,,,,,,,,,419,16,18.4,11.2,29.7
253,Right,Fibula,,,,,,,,,,,,,,,,,,,,,,,,,,,,,,,,,,,,,,,,,,,,,,,,,,,,,,,,,,,,,,,,,,,,,,,,,,,,,,,,,,,,,,,,,,,,,,,362,14,19,10.1,29.8
254,Right,Fibula,,,,,,,,,,,,,,,,,,,,,,,,,,,,,,,,,,,,,,,,,,,,,,,,,,,,,,,,,,,,,,,,,,,,,,,,,,,,,,,,,,,,,,,,,,,,,,,331,14,15.5,9.6,30.6
255,Right,Fibula,,,,,,,,,,,,,,,,,,,,,,,,,,,,,,,,,,,,,,,,,,,,,,,,,,,,,,,,,,,,,,,,,,,,,,,,,,,,,,,,,,,,,,,,,,,,,,,386,12,16.9,9.9,26.9
256,Right,Fibula,,,,,,,,,,,,,,,,,,,,,,,,,,,,,,,,,,,,,,,,,,,,,,,,,,,,,,,,,,,,,,,,,,,,,,,,,,,,,,,,,,,,,,,,,,,,,,,384,15,16,8.6,28.2
257,Right,Fibula,,,,,,,,,,,,,,,,,,,,,,,,,,,,,,,,,,,,,,,,,,,,,,,,,,,,,,,,,,,,,,,,,,,,,,,,,,,,,,,,,,,,,,,,,,,,,,,340,12,16.9,9.9,26.9
258,Right,Fibula,,,,,,,,,,,,,,,,,,,,,,,,,,,,,,,,,,,,,,,,,,,,,,,,,,,,,,,,,,,,,,,,,,,,,,,,,,,,,,,,,,,,,,,,,,,,,,,450,15,16,8.6,28.2
259,Left,Clavicle,170,11,11,21.8,18,11.7,26.8,,,,,,,,,,,,,,,,,,,,,,,,,,,,,,,,,,,,,,,,,,,,,,,,,,,,,,,,,,,,,,,,,,,,,,,,,,,,,,,,,,,,,,,,,,,,
260,Left,Clavicle,168,10,16,21.6,18.2,12.1,27.6,,,,,,,,,,,,,,,,,,,,,,,,,,,,,,,,,,,,,,,,,,,,,,,,,,,,,,,,,,,,,,,,,,,,,,,,,,,,,,,,,,,,,,,,,,,,
261,Left,Clavicle,156,13,11,21.1,14.8,12.8,27.8,,,,,,,,,,,,,,,,,,,,,,,,,,,,,,,,,,,,,,,,,,,,,,,,,,,,,,,,,,,,,,,,,,,,,,,,,,,,,,,,,,,,,,,,,,,,
262,Left,Clavicle,167,10,13,24.3,20,9.7,31.7,,,,,,,,,,,,,,,,,,,,,,,,,,,,,,,,,,,,,,,,,,,,,,,,,,,,,,,,,,,,,,,,,,,,,,,,,,,,,,,,,,,,,,,,,,,,
263,Left,Clavicle,163,14,11,24,14.7,13,25.5,,,,,,,,,,,,,,,,,,,,,,,,,,,,,,,,,,,,,,,,,,,,,,,,,,,,,,,,,,,,,,,,,,,,,,,,,,,,,,,,,,,,,,,,,,,,
264,Left,Clavicle,162,14,10,18.1,19.2,10.5,25.8,,,,,,,,,,,,,,,,,,,,,,,,,,,,,,,,,,,,,,,,,,,,,,,,,,,,,,,,,,,,,,,,,,,,,,,,,,,,,,,,,,,,,,,,,,,,
265,Left,Clavicle,151,12,10,22,19.2,10.5,29.6,,,,,,,,,,,,,,,,,,,,,,,,,,,,,,,,,,,,,,,,,,,,,,,,,,,,,,,,,,,,,,,,,,,,,,,,,,,,,,,,,,,,,,,,,,,,
266,Left,Clavicle,146,11,10,23.3,21.5,10.8,26.1,,,,,,,,,,,,,,,,,,,,,,,,,,,,,,,,,,,,,,,,,,,,,,,,,,,,,,,,,,,,,,,,,,,,,,,,,,,,,,,,,,,,,,,,,,,,
267,Left,Clavicle,165,14,11,23.2,16.9,16.5,26.5,,,,,,,,,,,,,,,,,,,,,,,,,,,,,,,,,,,,,,,,,,,,,,,,,,,,,,,,,,,,,,,,,,,,,,,,,,,,,,,,,,,,,,,,,,,,
268,Left,Clavicle,133,11,10,26.4,19.2,12.4,29.4,,,,,,,,,,,,,,,,,,,,,,,,,,,,,,,,,,,,,,,,,,,,,,,,,,,,,,,,,,,,,,,,,,,,,,,,,,,,,,,,,,,,,,,,,,,,
269,Left,Clavicle,143,11,8,22,17.3,11.1,24.7,,,,,,,,,,,,,,,,,,,,,,,,,,,,,,,,,,,,,,,,,,,,,,,,,,,,,,,,,,,,,,,,,,,,,,,,,,,,,,,,,,,,,,,,,,,,
270,Left,Clavicle,135,11,8,26,20.9,14.8,28.4,,,,,,,,,,,,,,,,,,,,,,,,,,,,,,,,,,,,,,,,,,,,,,,,,,,,,,,,,,,,,,,,,,,,,,,,,,,,,,,,,,,,,,,,,,,,
271,Left,Clavicle,140,11,8,21.7,16,13.2,25.5,,,,,,,,,,,,,,,,,,,,,,,,,,,,,,,,,,,,,,,,,,,,,,,,,,,,,,,,,,,,,,,,,,,,,,,,,,,,,,,,,,,,,,,,,,,,
272,Left,Clavicle,150,12,11,26.2,25,11.1,33.3,,,,,,,,,,,,,,,,,,,,,,,,,,,,,,,,,,,,,,,,,,,,,,,,,,,,,,,,,,,,,,,,,,,,,,,,,,,,,,,,,,,,,,,,,,,,
273,Left,Clavicle,148,12,9,21.3,18.2,10.3,22.8,,,,,,,,,,,,,,,,,,,,,,,,,,,,,,,,,,,,,,,,,,,,,,,,,,,,,,,,,,,,,,,,,,,,,,,,,,,,,,,,,,,,,,,,,,,,
274,Left,Clavicle,137,10,8,28,17.3,10,26.8,,,,,,,,,,,,,,,,,,,,,,,,,,,,,,,,,,,,,,,,,,,,,,,,,,,,,,,,,,,,,,,,,,,,,,,,,,,,,,,,,,,,,,,,,,,,
275,Left,Clavicle,157,14,11,19.3,16.8,12.8,26.9,,,,,,,,,,,,,,,,,,,,,,,,,,,,,,,,,,,,,,,,,,,,,,,,,,,,,,,,,,,,,,,,,,,,,,,,,,,,,,,,,,,,,,,,,,,,
276,Left,Clavicle,129,11,8,16.5,12.71,8.6,16.65,,,,,,,,,,,,,,,,,,,,,,,,,,,,,,,,,,,,,,,,,,,,,,,,,,,,,,,,,,,,,,,,,,,,,,,,,,,,,,,,,,,,,,,,,,,,
277,Left,Clavicle,151,14,10,18.28,18.52,8.36,19.37,,,,,,,,,,,,,,,,,,,,,,,,,,,,,,,,,,,,,,,,,,,,,,,,,,,,,,,,,,,,,,,,,,,,,,,,,,,,,,,,,,,,,,,,,,,,
278,Left,Clavicle,151,10,8,14.85,13.56,7.64,15.56,,,,,,,,,,,,,,,,,,,,,,,,,,,,,,,,,,,,,,,,,,,,,,,,,,,,,,,,,,,,,,,,,,,,,,,,,,,,,,,,,,,,,,,,,,,,
279,Right,Clavicle,171,12,11,26,19.8,13.3,26.4,,,,,,,,,,,,,,,,,,,,,,,,,,,,,,,,,,,,,,,,,,,,,,,,,,,,,,,,,,,,,,,,,,,,,,,,,,,,,,,,,,,,,,,,,,,,
280,Right,Clavicle,161,9,15,25.2,19.8,14.2,26.8,,,,,,,,,,,,,,,,,,,,,,,,,,,,,,,,,,,,,,,,,,,,,,,,,,,,,,,,,,,,,,,,,,,,,,,,,,,,,,,,,,,,,,,,,,,,
281,Right,Clavicle,152,13,12,22,14.9,12.7,28.2,,,,,,,,,,,,,,,,,,,,,,,,,,,,,,,,,,,,,,,,,,,,,,,,,,,,,,,,,,,,,,,,,,,,,,,,,,,,,,,,,,,,,,,,,,,,
282,Right,Clavicle,162,10,15,23.8,19.8,9.7,24.3,,,,,,,,,,,,,,,,,,,,,,,,,,,,,,,,,,,,,,,,,,,,,,,,,,,,,,,,,,,,,,,,,,,,,,,,,,,,,,,,,,,,,,,,,,,,
283,Right,Clavicle,156,15,12,24.1,16.8,11.7,24.7,,,,,,,,,,,,,,,,,,,,,,,,,,,,,,,,,,,,,,,,,,,,,,,,,,,,,,,,,,,,,,,,,,,,,,,,,,,,,,,,,,,,,,,,,,,,
284,Right,Clavicle,162,15,10,18.1,20.5,10.7,26.3,,,,,,,,,,,,,,,,,,,,,,,,,,,,,,,,,,,,,,,,,,,,,,,,,,,,,,,,,,,,,,,,,,,,,,,,,,,,,,,,,,,,,,,,,,,,
285,Right,Clavicle,159,12,12,25.1,19.9,11.1,28.8,,,,,,,,,,,,,,,,,,,,,,,,,,,,,,,,,,,,,,,,,,,,,,,,,,,,,,,,,,,,,,,,,,,,,,,,,,,,,,,,,,,,,,,,,,,,
286,Right,Clavicle,141,12,11,22.2,18.8,12.5,27.8,,,,,,,,,,,,,,,,,,,,,,,,,,,,,,,,,,,,,,,,,,,,,,,,,,,,,,,,,,,,,,,,,,,,,,,,,,,,,,,,,,,,,,,,,,,,
287,Right,Clavicle,165,14,11,23.2,20,13.3,27.4,,,,,,,,,,,,,,,,,,,,,,,,,,,,,,,,,,,,,,,,,,,,,,,,,,,,,,,,,,,,,,,,,,,,,,,,,,,,,,,,,,,,,,,,,,,,
288,Right,Clavicle,131,12,9,25.5,14.9,14,30.3,,,,,,,,,,,,,,,,,,,,,,,,,,,,,,,,,,,,,,,,,,,,,,,,,,,,,,,,,,,,,,,,,,,,,,,,,,,,,,,,,,,,,,,,,,,,
289,Right,Clavicle,142,12,8,21.1,16.6,12.5,25.3,,,,,,,,,,,,,,,,,,,,,,,,,,,,,,,,,,,,,,,,,,,,,,,,,,,,,,,,,,,,,,,,,,,,,,,,,,,,,,,,,,,,,,,,,,,,
290,Right,Clavicle,133,10,7,27.7,22.2,13.1,28.9,,,,,,,,,,,,,,,,,,,,,,,,,,,,,,,,,,,,,,,,,,,,,,,,,,,,,,,,,,,,,,,,,,,,,,,,,,,,,,,,,,,,,,,,,,,,
291,Right,Clavicle,140,12,8,22,17,14.8,30.2,,,,,,,,,,,,,,,,,,,,,,,,,,,,,,,,,,,,,,,,,,,,,,,,,,,,,,,,,,,,,,,,,,,,,,,,,,,,,,,,,,,,,,,,,,,,
292,Right,Clavicle,151,13,12,24.7,24.8,12.6,35.3,,,,,,,,,,,,,,,,,,,,,,,,,,,,,,,,,,,,,,,,,,,,,,,,,,,,,,,,,,,,,,,,,,,,,,,,,,,,,,,,,,,,,,,,,,,,
293,Right,Clavicle,140,11,11,21.9,17.5,11.2,21.8,,,,,,,,,,,,,,,,,,,,,,,,,,,,,,,,,,,,,,,,,,,,,,,,,,,,,,,,,,,,,,,,,,,,,,,,,,,,,,,,,,,,,,,,,,,,
294,Right,Clavicle,137,11,8,29.6,17.1,11,27.3,,,,,,,,,,,,,,,,,,,,,,,,,,,,,,,,,,,,,,,,,,,,,,,,,,,,,,,,,,,,,,,,,,,,,,,,,,,,,,,,,,,,,,,,,,,,
295,Right,Clavicle,148,15,11,20,18.8,11.2,28.2,,,,,,,,,,,,,,,,,,,,,,,,,,,,,,,,,,,,,,,,,,,,,,,,,,,,,,,,,,,,,,,,,,,,,,,,,,,,,,,,,,,,,,,,,,,,
296,Right,Clavicle,124,9,9,17.65,13.54,8.89,15.59,,,,,,,,,,,,,,,,,,,,,,,,,,,,,,,,,,,,,,,,,,,,,,,,,,,,,,,,,,,,,,,,,,,,,,,,,,,,,,,,,,,,,,,,,,,,
297,Right,Clavicle,146,12,10,16.12,15.99,8.47,17.22,,,,,,,,,,,,,,,,,,,,,,,,,,,,,,,,,,,,,,,,,,,,,,,,,,,,,,,,,,,,,,,,,,,,,,,,,,,,,,,,,,,,,,,,,,,,
298,Right,Clavicle,144,12,8,17.96,13.4,8.01,15.35,,,,,,,,,,,,,,,,,,,,,,,,,,,,,,,,,,,,,,,,,,,,,,,,,,,,,,,,,,,,,,,,,,,,,,,,,,,,,,,,,,,,,,,,,,,,
299,Left,Scapula,,,,,,,,147,106,35.8,27.8,48.9,,,,,,,,,,,,,,,,,,,,,,,,,,,,,,,,,,,,,,,,,,,,,,,,,,,,,,,,,,,,,,,,,,,,,,,,,,,,,,,,,,,,,,,
300,Left,Scapula,,,,,,,,162,106,33.2,26.8,41.8,,,,,,,,,,,,,,,,,,,,,,,,,,,,,,,,,,,,,,,,,,,,,,,,,,,,,,,,,,,,,,,,,,,,,,,,,,,,,,,,,,,,,,,
301,Left,Scapula,,,,,,,,132,92,38.5,28.2,48.6,,,,,,,,,,,,,,,,,,,,,,,,,,,,,,,,,,,,,,,,,,,,,,,,,,,,,,,,,,,,,,,,,,,,,,,,,,,,,,,,,,,,,,,
302,Left,Scapula,,,,,,,,147,106,36,29.1,44.1,,,,,,,,,,,,,,,,,,,,,,,,,,,,,,,,,,,,,,,,,,,,,,,,,,,,,,,,,,,,,,,,,,,,,,,,,,,,,,,,,,,,,,,
303,Left,Scapula,,,,,,,,160,103,37,25.9,49.7,,,,,,,,,,,,,,,,,,,,,,,,,,,,,,,,,,,,,,,,,,,,,,,,,,,,,,,,,,,,,,,,,,,,,,,,,,,,,,,,,,,,,,,
304,Left,Scapula,,,,,,,,139,97,34.5,30.1,45.5,,,,,,,,,,,,,,,,,,,,,,,,,,,,,,,,,,,,,,,,,,,,,,,,,,,,,,,,,,,,,,,,,,,,,,,,,,,,,,,,,,,,,,,
305,Left,Scapula,,,,,,,,171,118,38.6,31.2,47.8,,,,,,,,,,,,,,,,,,,,,,,,,,,,,,,,,,,,,,,,,,,,,,,,,,,,,,,,,,,,,,,,,,,,,,,,,,,,,,,,,,,,,,,
306,Left,Scapula,,,,,,,,140,89,38.1,27.7,42,,,,,,,,,,,,,,,,,,,,,,,,,,,,,,,,,,,,,,,,,,,,,,,,,,,,,,,,,,,,,,,,,,,,,,,,,,,,,,,,,,,,,,,
307,Left,Scapula,,,,,,,,163,105,38.4,26,43.9,,,,,,,,,,,,,,,,,,,,,,,,,,,,,,,,,,,,,,,,,,,,,,,,,,,,,,,,,,,,,,,,,,,,,,,,,,,,,,,,,,,,,,,
308,Left,Scapula,,,,,,,,157,115,36.3,28.1,49.5,,,,,,,,,,,,,,,,,,,,,,,,,,,,,,,,,,,,,,,,,,,,,,,,,,,,,,,,,,,,,,,,,,,,,,,,,,,,,,,,,,,,,,,
309,Left,Scapula,,,,,,,,138,90,39.3,32.2,46,,,,,,,,,,,,,,,,,,,,,,,,,,,,,,,,,,,,,,,,,,,,,,,,,,,,,,,,,,,,,,,,,,,,,,,,,,,,,,,,,,,,,,,
310,Left,Scapula,,,,,,,,165,101,42.5,33,59.9,,,,,,,,,,,,,,,,,,,,,,,,,,,,,,,,,,,,,,,,,,,,,,,,,,,,,,,,,,,,,,,,,,,,,,,,,,,,,,,,,,,,,,,
311,Left,Scapula,,,,,,,,161,100,36.7,31.1,49.1,,,,,,,,,,,,,,,,,,,,,,,,,,,,,,,,,,,,,,,,,,,,,,,,,,,,,,,,,,,,,,,,,,,,,,,,,,,,,,,,,,,,,,,
312,Left,Scapula,,,,,,,,158,110,39.5,31.7,47.5,,,,,,,,,,,,,,,,,,,,,,,,,,,,,,,,,,,,,,,,,,,,,,,,,,,,,,,,,,,,,,,,,,,,,,,,,,,,,,,,,,,,,,,
313,Left,Scapula,,,,,,,,161,114,44.3,29.8,47.9,,,,,,,,,,,,,,,,,,,,,,,,,,,,,,,,,,,,,,,,,,,,,,,,,,,,,,,,,,,,,,,,,,,,,,,,,,,,,,,,,,,,,,,
314,Left,Scapula,,,,,,,,162,104,36.5,29.4,49,,,,,,,,,,,,,,,,,,,,,,,,,,,,,,,,,,,,,,,,,,,,,,,,,,,,,,,,,,,,,,,,,,,,,,,,,,,,,,,,,,,,,,,
315,Left,Scapula,,,,,,,,153,97,40.1,30.2,48.7,,,,,,,,,,,,,,,,,,,,,,,,,,,,,,,,,,,,,,,,,,,,,,,,,,,,,,,,,,,,,,,,,,,,,,,,,,,,,,,,,,,,,,,
316,Left,Scapula,,,,,,,,163,109,34.6,25.7,44.9,,,,,,,,,,,,,,,,,,,,,,,,,,,,,,,,,,,,,,,,,,,,,,,,,,,,,,,,,,,,,,,,,,,,,,,,,,,,,,,,,,,,,,,
317,Left,Scapula,,,,,,,,152,97,39,30,44.5,,,,,,,,,,,,,,,,,,,,,,,,,,,,,,,,,,,,,,,,,,,,,,,,,,,,,,,,,,,,,,,,,,,,,,,,,,,,,,,,,,,,,,,
318,Left,Scapula,,,,,,,,162,110,37.1,29.4,45.4,,,,,,,,,,,,,,,,,,,,,,,,,,,,,,,,,,,,,,,,,,,,,,,,,,,,,,,,,,,,,,,,,,,,,,,,,,,,,,,,,,,,,,,
319,Right,Scapula,,,,,,,,146,106,34.3,29,50.2,,,,,,,,,,,,,,,,,,,,,,,,,,,,,,,,,,,,,,,,,,,,,,,,,,,,,,,,,,,,,,,,,,,,,,,,,,,,,,,,,,,,,,,
320,Right,Scapula,,,,,,,,164,104,34.6,27.7,40.1,,,,,,,,,,,,,,,,,,,,,,,,,,,,,,,,,,,,,,,,,,,,,,,,,,,,,,,,,,,,,,,,,,,,,,,,,,,,,,,,,,,,,,,
321,Right,Scapula,,,,,,,,133,93,37.6,29,47.2,,,,,,,,,,,,,,,,,,,,,,,,,,,,,,,,,,,,,,,,,,,,,,,,,,,,,,,,,,,,,,,,,,,,,,,,,,,,,,,,,,,,,,,
322,Right,Scapula,,,,,,,,145,113,36.7,29.1,44.2,,,,,,,,,,,,,,,,,,,,,,,,,,,,,,,,,,,,,,,,,,,,,,,,,,,,,,,,,,,,,,,,,,,,,,,,,,,,,,,,,,,,,,,
323,Right,Scapula,,,,,,,,159,101,36.6,24.8,48.6,,,,,,,,,,,,,,,,,,,,,,,,,,,,,,,,,,,,,,,,,,,,,,,,,,,,,,,,,,,,,,,,,,,,,,,,,,,,,,,,,,,,,,,
324,Right,Scapula,,,,,,,,138,97,34.6,30.6,44.6,,,,,,,,,,,,,,,,,,,,,,,,,,,,,,,,,,,,,,,,,,,,,,,,,,,,,,,,,,,,,,,,,,,,,,,,,,,,,,,,,,,,,,,
325,Right,Scapula,,,,,,,,164,120,38.8,30.5,49.4,,,,,,,,,,,,,,,,,,,,,,,,,,,,,,,,,,,,,,,,,,,,,,,,,,,,,,,,,,,,,,,,,,,,,,,,,,,,,,,,,,,,,,,
326,Right,Scapula,,,,,,,,138,89,37.4,27.9,43,,,,,,,,,,,,,,,,,,,,,,,,,,,,,,,,,,,,,,,,,,,,,,,,,,,,,,,,,,,,,,,,,,,,,,,,,,,,,,,,,,,,,,,
327,Right,Scapula,,,,,,,,160,107,36.1,26.2,44.2,,,,,,,,,,,,,,,,,,,,,,,,,,,,,,,,,,,,,,,,,,,,,,,,,,,,,,,,,,,,,,,,,,,,,,,,,,,,,,,,,,,,,,,
328,Right,Scapula,,,,,,,,155,116,38,29.8,46.4,,,,,,,,,,,,,,,,,,,,,,,,,,,,,,,,,,,,,,,,,,,,,,,,,,,,,,,,,,,,,,,,,,,,,,,,,,,,,,,,,,,,,,,
329,Right,Scapula,,,,,,,,137,88,40.4,30.7,50.3,,,,,,,,,,,,,,,,,,,,,,,,,,,,,,,,,,,,,,,,,,,,,,,,,,,,,,,,,,,,,,,,,,,,,,,,,,,,,,,,,,,,,,,
330,Right,Scapula,,,,,,,,166,98,42.8,32.9,56.7,,,,,,,,,,,,,,,,,,,,,,,,,,,,,,,,,,,,,,,,,,,,,,,,,,,,,,,,,,,,,,,,,,,,,,,,,,,,,,,,,,,,,,,
331,Right,Scapula,,,,,,,,165,97,36.6,30.5,51.5,,,,,,,,,,,,,,,,,,,,,,,,,,,,,,,,,,,,,,,,,,,,,,,,,,,,,,,,,,,,,,,,,,,,,,,,,,,,,,,,,,,,,,,
332,Right,Scapula,,,,,,,,164,106,39,31.3,48.8,,,,,,,,,,,,,,,,,,,,,,,,,,,,,,,,,,,,,,,,,,,,,,,,,,,,,,,,,,,,,,,,,,,,,,,,,,,,,,,,,,,,,,,
333,Right,Scapula,,,,,,,,156,112,42.6,29.5,43.9,,,,,,,,,,,,,,,,,,,,,,,,,,,,,,,,,,,,,,,,,,,,,,,,,,,,,,,,,,,,,,,,,,,,,,,,,,,,,,,,,,,,,,,
334,Right,Scapula,,,,,,,,161,105,35.8,27.8,49.5,,,,,,,,,,,,,,,,,,,,,,,,,,,,,,,,,,,,,,,,,,,,,,,,,,,,,,,,,,,,,,,,,,,,,,,,,,,,,,,,,,,,,,,
335,Right,Scapula,,,,,,,,157,96,40,31.3,49.6,,,,,,,,,,,,,,,,,,,,,,,,,,,,,,,,,,,,,,,,,,,,,,,,,,,,,,,,,,,,,,,,,,,,,,,,,,,,,,,,,,,,,,,
336,Right,Scapula,,,,,,,,166,109,33.7,26.2,45.8,,,,,,,,,,,,,,,,,,,,,,,,,,,,,,,,,,,,,,,,,,,,,,,,,,,,,,,,,,,,,,,,,,,,,,,,,,,,,,,,,,,,,,,
337,Right,Scapula,,,,,,,,150,98,38.8,29,42.5,,,,,,,,,,,,,,,,,,,,,,,,,,,,,,,,,,,,,,,,,,,,,,,,,,,,,,,,,,,,,,,,,,,,,,,,,,,,,,,,,,,,,,,
338,Right,Scapula,,,,,,,,156,109,38.4,29.8,46.9,,,,,,,,,,,,,,,,,,,,,,,,,,,,,,,,,,,,,,,,,,,,,,,,,,,,,,,,,,,,,,,,,,,,,,,,,,,,,,,,,,,,,,,
339,Left,Os_coxa,,,,,,,,,,,,,,,,,,,,,,,,,,,,,,,,,,,,,,,,,,,222,162,,,67.2,,,,,,,,,24.9,41.6,11.6,59.3,,,,,,,,,,,,,,,,,,,,,,,,,,,,,,,,,,,,,,,,
340,Left,Os_coxa,,,,,,,,,,,,,,,,,,,,,,,,,,,,,,,,,,,,,,,,,,,190,152,,,60.2,,,,,,,,,25,35.1,12.2,54,,,,,,,,,,,,,,,,,,,,,,,,,,,,,,,,,,,,,,,,
341,Left,Os_coxa,,,,,,,,,,,,,,,,,,,,,,,,,,,,,,,,,,,,,,,,,,,229,165,,,67.5,,,,,,,,,30.1,39,15.2,61.5,,,,,,,,,,,,,,,,,,,,,,,,,,,,,,,,,,,,,,,,
342,Left,Os_coxa,,,,,,,,,,,,,,,,,,,,,,,,,,,,,,,,,,,,,,,,,,,213,148,,,62.4,,,,,,,,,25.8,39.2,12,57.7,,,,,,,,,,,,,,,,,,,,,,,,,,,,,,,,,,,,,,,,
343,Left,Os_coxa,,,,,,,,,,,,,,,,,,,,,,,,,,,,,,,,,,,,,,,,,,,209,157,,,59.7,,,,,,,,,25.4,41.7,14.8,56.8,,,,,,,,,,,,,,,,,,,,,,,,,,,,,,,,,,,,,,,,
344,Left,Os_coxa,,,,,,,,,,,,,,,,,,,,,,,,,,,,,,,,,,,,,,,,,,,205,161,,,65.3,,,,,,,,,26.6,36.1,16.5,60.1,,,,,,,,,,,,,,,,,,,,,,,,,,,,,,,,,,,,,,,,
345,Left,Os_coxa,,,,,,,,,,,,,,,,,,,,,,,,,,,,,,,,,,,,,,,,,,,230,172,,,65.7,,,,,,,,,28.7,40.3,12.6,59.8,,,,,,,,,,,,,,,,,,,,,,,,,,,,,,,,,,,,,,,,
346,Left,Os_coxa,,,,,,,,,,,,,,,,,,,,,,,,,,,,,,,,,,,,,,,,,,,237,177,,,66.4,,,,,,,,,25.1,37.2,14.1,61.4,,,,,,,,,,,,,,,,,,,,,,,,,,,,,,,,,,,,,,,,
347,Left,Os_coxa,,,,,,,,,,,,,,,,,,,,,,,,,,,,,,,,,,,,,,,,,,,247,227,,,62.1,,,,,,,,,25.3,37.8,13.8,56.8,,,,,,,,,,,,,,,,,,,,,,,,,,,,,,,,,,,,,,,,
348,Left,Os_coxa,,,,,,,,,,,,,,,,,,,,,,,,,,,,,,,,,,,,,,,,,,,216,154,,,63,,,,,,,,,25.8,41.1,10.8,59.8,,,,,,,,,,,,,,,,,,,,,,,,,,,,,,,,,,,,,,,,
349,Left,Os_coxa,,,,,,,,,,,,,,,,,,,,,,,,,,,,,,,,,,,,,,,,,,,231,160,,,68.3,,,,,,,,,23.3,38.1,16.5,61.5,,,,,,,,,,,,,,,,,,,,,,,,,,,,,,,,,,,,,,,,
350,Left,Os_coxa,,,,,,,,,,,,,,,,,,,,,,,,,,,,,,,,,,,,,,,,,,,216,164,,,68.3,,,,,,,,,26.3,37.9,16.2,64,,,,,,,,,,,,,,,,,,,,,,,,,,,,,,,,,,,,,,,,
351,Left,Os_coxa,,,,,,,,,,,,,,,,,,,,,,,,,,,,,,,,,,,,,,,,,,,208,167,,,72.2,,,,,,,,,28.7,44,15.6,59.6,,,,,,,,,,,,,,,,,,,,,,,,,,,,,,,,,,,,,,,,
352,Left,Os_coxa,,,,,,,,,,,,,,,,,,,,,,,,,,,,,,,,,,,,,,,,,,,203,157,,,70.3,,,,,,,,,25.3,40.6,11.5,60.6,,,,,,,,,,,,,,,,,,,,,,,,,,,,,,,,,,,,,,,,
353,Left,Os_coxa,,,,,,,,,,,,,,,,,,,,,,,,,,,,,,,,,,,,,,,,,,,212,157,,,65.3,,,,,,,,,28.9,41.8,19.2,63.3,,,,,,,,,,,,,,,,,,,,,,,,,,,,,,,,,,,,,,,,
354,Left,Os_coxa,,,,,,,,,,,,,,,,,,,,,,,,,,,,,,,,,,,,,,,,,,,230,182,,,70.4,,,,,,,,,27,43.8,18.3,63.4,,,,,,,,,,,,,,,,,,,,,,,,,,,,,,,,,,,,,,,,
355,Left,Os_coxa,,,,,,,,,,,,,,,,,,,,,,,,,,,,,,,,,,,,,,,,,,,233,167,,,78.2,,,,,,,,,28.2,38.1,15.4,67.2,,,,,,,,,,,,,,,,,,,,,,,,,,,,,,,,,,,,,,,,
356,Left,Os_coxa,,,,,,,,,,,,,,,,,,,,,,,,,,,,,,,,,,,,,,,,,,,184,149,,,63.2,,,,,,,,,24.1,36.5,14,54.7,,,,,,,,,,,,,,,,,,,,,,,,,,,,,,,,,,,,,,,,
357,Left,Os_coxa,,,,,,,,,,,,,,,,,,,,,,,,,,,,,,,,,,,,,,,,,,,216,159,,,63.4,,,,,,,,,21.5,37.6,12.3,59.6,,,,,,,,,,,,,,,,,,,,,,,,,,,,,,,,,,,,,,,,
358,Left,Os_coxa,,,,,,,,,,,,,,,,,,,,,,,,,,,,,,,,,,,,,,,,,,,204,159,,,57,,,,,,,,,23.7,34.4,13.2,55.1,,,,,,,,,,,,,,,,,,,,,,,,,,,,,,,,,,,,,,,,
359,Left,Os_coxa,,,,,,,,,,,,,,,,,,,,,,,,,,,,,,,,,,,,,,,,,,,230,169,,,72.6,,,,,,,,,23.7,34.4,13.2,55.1,,,,,,,,,,,,,,,,,,,,,,,,,,,,,,,,,,,,,,,,
360,Right,Os_coxa,,,,,,,,,,,,,,,,,,,,,,,,,,,,,,,,,,,,,,,,,,,223,158,,,67.7,,,,,,,,,24.8,38.8,11.1,59.3,,,,,,,,,,,,,,,,,,,,,,,,,,,,,,,,,,,,,,,,
361,Right,Os_coxa,,,,,,,,,,,,,,,,,,,,,,,,,,,,,,,,,,,,,,,,,,,190,153,,,60.2,,,,,,,,,23.4,35.2,12.1,54,,,,,,,,,,,,,,,,,,,,,,,,,,,,,,,,,,,,,,,,
362,Right,Os_coxa,,,,,,,,,,,,,,,,,,,,,,,,,,,,,,,,,,,,,,,,,,,227,164,,,68.4,,,,,,,,,28.1,39.6,12.8,61.5,,,,,,,,,,,,,,,,,,,,,,,,,,,,,,,,,,,,,,,,
363,Right,Os_coxa,,,,,,,,,,,,,,,,,,,,,,,,,,,,,,,,,,,,,,,,,,,214,146,,,64.3,,,,,,,,,23.6,40.5,10.6,57.7,,,,,,,,,,,,,,,,,,,,,,,,,,,,,,,,,,,,,,,,
364,Right,Os_coxa,,,,,,,,,,,,,,,,,,,,,,,,,,,,,,,,,,,,,,,,,,,205,157,,,61.6,,,,,,,,,26.7,41.6,15,56.8,,,,,,,,,,,,,,,,,,,,,,,,,,,,,,,,,,,,,,,,
365,Right,Os_coxa,,,,,,,,,,,,,,,,,,,,,,,,,,,,,,,,,,,,,,,,,,,205,169,,,65.1,,,,,,,,,27.4,35.8,17.5,60.1,,,,,,,,,,,,,,,,,,,,,,,,,,,,,,,,,,,,,,,,
366,Right,Os_coxa,,,,,,,,,,,,,,,,,,,,,,,,,,,,,,,,,,,,,,,,,,,223,173,,,67.4,,,,,,,,,24.7,39,12.2,59.8,,,,,,,,,,,,,,,,,,,,,,,,,,,,,,,,,,,,,,,,
367,Right,Os_coxa,,,,,,,,,,,,,,,,,,,,,,,,,,,,,,,,,,,,,,,,,,,235,179,,,64,,,,,,,,,27.1,38.7,14.5,61.4,,,,,,,,,,,,,,,,,,,,,,,,,,,,,,,,,,,,,,,,
368,Right,Os_coxa,,,,,,,,,,,,,,,,,,,,,,,,,,,,,,,,,,,,,,,,,,,248,226,,,66,,,,,,,,,22.2,37.6,13.8,56.8,,,,,,,,,,,,,,,,,,,,,,,,,,,,,,,,,,,,,,,,
369,Right,Os_coxa,,,,,,,,,,,,,,,,,,,,,,,,,,,,,,,,,,,,,,,,,,,215,155,,,59.8,,,,,,,,,23,37.5,12.5,59.8,,,,,,,,,,,,,,,,,,,,,,,,,,,,,,,,,,,,,,,,
370,Right,Os_coxa,,,,,,,,,,,,,,,,,,,,,,,,,,,,,,,,,,,,,,,,,,,228,166,,,68.5,,,,,,,,,23.9,42.5,17.6,61.5,,,,,,,,,,,,,,,,,,,,,,,,,,,,,,,,,,,,,,,,
371,Right,Os_coxa,,,,,,,,,,,,,,,,,,,,,,,,,,,,,,,,,,,,,,,,,,,212,163,,,69.2,,,,,,,,,29.1,38.1,15.7,64,,,,,,,,,,,,,,,,,,,,,,,,,,,,,,,,,,,,,,,,
372,Right,Os_coxa,,,,,,,,,,,,,,,,,,,,,,,,,,,,,,,,,,,,,,,,,,,209,168,,,67.8,,,,,,,,,26.4,42.6,16.5,59.6,,,,,,,,,,,,,,,,,,,,,,,,,,,,,,,,,,,,,,,,
373,Right,Os_coxa,,,,,,,,,,,,,,,,,,,,,,,,,,,,,,,,,,,,,,,,,,,204,155,,,70.8,,,,,,,,,24.3,40.3,11.8,60.6,,,,,,,,,,,,,,,,,,,,,,,,,,,,,,,,,,,,,,,,
374,Right,Os_coxa,,,,,,,,,,,,,,,,,,,,,,,,,,,,,,,,,,,,,,,,,,,216,155,,,65.1,,,,,,,,,29.2,40,16.6,63.3,,,,,,,,,,,,,,,,,,,,,,,,,,,,,,,,,,,,,,,,
375,Right,Os_coxa,,,,,,,,,,,,,,,,,,,,,,,,,,,,,,,,,,,,,,,,,,,233,182,,,69.2,,,,,,,,,26.6,42.5,18,63.4,,,,,,,,,,,,,,,,,,,,,,,,,,,,,,,,,,,,,,,,
376,Right,Os_coxa,,,,,,,,,,,,,,,,,,,,,,,,,,,,,,,,,,,,,,,,,,,233,170,,,80.2,,,,,,,,,27.9,40.2,13.6,67.2,,,,,,,,,,,,,,,,,,,,,,,,,,,,,,,,,,,,,,,,
377,Right,Os_coxa,,,,,,,,,,,,,,,,,,,,,,,,,,,,,,,,,,,,,,,,,,,185,149,,,64.7,,,,,,,,,24.8,34.4,12.5,54.7,,,,,,,,,,,,,,,,,,,,,,,,,,,,,,,,,,,,,,,,
378,Right,Os_coxa,,,,,,,,,,,,,,,,,,,,,,,,,,,,,,,,,,,,,,,,,,,215,157,,,61.3,,,,,,,,,22.1,39.2,11.6,59.6,,,,,,,,,,,,,,,,,,,,,,,,,,,,,,,,,,,,,,,,
379,Right,Os_coxa,,,,,,,,,,,,,,,,,,,,,,,,,,,,,,,,,,,,,,,,,,,210,159,,,56.8,,,,,,,,,25,35.7,12.3,55.1,,,,,,,,,,,,,,,,,,,,,,,,,,,,,,,,,,,,,,,,
380,Right,Os_coxa,,,,,,,,,,,,,,,,,,,,,,,,,,,,,,,,,,,,,,,,,,,230,169,,,78,,,,,,,,,23.7,34.4,13.2,55.1,,,,,,,,,,,,,,,,,,,,,,,,,,,,,,,,,,,,,,,,
